defName,中文名,英文标题,简称,阶段,来源,强制/倾向特质,禁用特质,技能加成,关联经历
UnknownAdulthood,未知,unknown,unknown,,原版Anomaly,,,,
UnknownChildhood,未知,unknown,unknown,,原版Anomaly,,,,
CynapseCustomAdulthood,hermit,hermit,hermit,,原版Core,,,Animals3,
CynapseCustomChildhood,tinkerer,tinkerer,tinkerer,,原版Core,,,Intellectual2、Crafting2,
FeyCustomAdulthood,game master,game master,game master,,原版Core,,,Artistic2、Social1、Intellectual1、Mining-2,
FeyCustomChildhood,wargame fanatic,wargame fanatic,wargame fanatic,,原版Core,,,Crafting2、Social1,
JoeCustomAdulthood,game developer,game developer,game dev,,原版Core,,,Artistic-2,
JoeCustomChildhood,drummer,drummer,drummer,,原版Core,,,Artistic2,
LiamCustomAdulthood,simulation developer,simulation developer,sim dev,,原版Core,,,Construction-3、Crafting4、Intellectual6,
LiamCustomChildhood,sim addict,sim addict,sim addict,,原版Core,,,Intellectual2,
MateCustomAdulthood,busker,busker,busker,,原版Core,,,Cooking2,
MateCustomChildhood,curious kid,curious kid,curious kid,,原版Core,,,Intellectual1、Artistic1,
NathanCustomAdulthood,digger,digger,digger,,原版Core,,,Mining6、Construction2,
NathanCustomChildhood,cave child,cave child,cave child,,原版Core,,,Mining3、Construction3,
TynanCustomAdulthood,game developer,game developer,game dev,,原版Core,,,Construction-2、Mining-2,
TynanCustomChildhood,punk,punk,punk,,原版Core,,,Intellectual-2、Social-2,
WillCustomAdulthood,labyrinth maker,labyrinth maker,labyrinth maker,,原版Core,,,Construction2,
WillCustomChildhood,maze child,maze child,maze child,,原版Core,,,Intellectual1、Mining1,
AIProgrammer22,AI programmer,AI programmer,programmer,成年,原版Core,,,Intellectual7、Crafting6,
AIResearcher94,AI researcher,AI researcher,researcher,成年,原版Core,,,Intellectual6、Mining-2、Melee-2、Social4、Crafting1,
AWOLSoldier49,AWOL soldier,AWOL soldier,soldier,成年,原版Core,,,Shooting6、Melee5,
AceFighterPilot54,ace fighter pilot,ace fighter pilot,ace,成年,原版Core,,,Intellectual2、Mining-3、Shooting3、Melee2、Social3、Medicine3,
AcolyteOfStars6,acolyte of stars,acolyte of stars,priest,成年,原版Core,,,Intellectual-3、Social-3、Medicine4、Artistic7,
Actor72,actor,actor,actor,成年,原版Core,,,Social8、Crafting3,
AddictionCounsel60,counselor,counselor,counselor,成年,原版Core,,,Social8、Medicine3、Artistic3、Crafting3,
Adventurer19,adventurer,adventurer,adventurer,成年,原版Core,,,Shooting3、Melee3、Social3、Medicine3、Crafting3、Animals2,
AdventurousWeirdo55,adventurous weirdo,adventurous weirdo,weirdo,成年,原版Core,,,Shooting-2、Melee6、Cooking2、Artistic2、Crafting2,
AerospaceEngineer44,aerospace engineer,aerospace engineer,engineer,成年,原版Core,,,Construction2、Intellectual4、Mining2、Shooting2、Social2,
AlcoholicTrucker93,alcoholic trucker,alcoholic trucker,alcoholic,成年,原版Core,,,Mining4、Shooting2、Melee2,
AnarchistRebel77,anarchist rebel,anarchist rebel,anarchist,成年,原版Core,,,Shooting6、Melee2、Social6,
AnimalFarmer21,animal farmer,animal farmer,animal farmer,成年,原版Core,,,Animals5、Shooting3,
Archaeologist85,archaeologist,archaeologist,explorer,成年,原版Core,,,Construction4、Intellectual5、Shooting2、Social-2、Crafting2,
Archer25,archer,archer,archer,成年,原版Core,,,Melee2、Shooting7,
Architect28,architect,architect,architect,成年,原版Core,,,Construction5、Artistic7、Crafting-3,
ArchotechSpy75,archotech researcher,archotech researcher,researcher,成年,原版Core,,,Construction2、Intellectual5、Crafting2、Cooking-2,
ArmyCook0,army cook,army cook,cook,成年,原版Core,,,Construction2、Intellectual-2、Shooting2、Melee2、Cooking3、Crafting1,
ArmyScientist35,army scientist,army scientist,scientist,成年,原版Core,,,Intellectual8、Medicine2,
ArmySergeant16,army sergeant,army sergeant,sergeant,成年,原版Core,,,Construction2、Shooting8、Melee2,
Aromatherapist80,aromatherapist,aromatherapist,therapist,成年,原版Core,,,Plants6、Shooting-3、Melee-3、Cooking4、Medicine4,
ArtStudent79,art student,art student,artist,成年,原版Core,,,Construction-2、Plants-1、Cooking-1、Medicine1、Artistic8、Crafting2,
ArtifactHunter48,artifact hunter,artifact hunter,artifacter,成年,原版Core,,,Construction4、Shooting8,
ArtificerRampant95,artificer rampant,artificer rampant,artificer,成年,原版Core,,,Construction2、Intellectual6、Medicine2、Crafting8,
AsceticPriest84,ascetic priest,ascetic priest,priest,成年,原版Core,,,Plants4、Medicine2、Cooking2,
Assassin20,assassin,assassin,assassin,成年,原版Core,,,Melee10、Shooting10,
Assassin7,assassin,assassin,assassin,成年,原版Core,,,Shooting7、Melee4,
BanditLeader74,bandit leader,bandit leader,bandit,成年,原版Core,,,Shooting5、Melee5、Social2,
Banished68,banished,banished,banished,成年,原版Core,,,Melee3、Shooting2、Plants4,
BanishedSoldier85,banished soldier,banished soldier,outlaw,成年,原版Core,,,Melee7,
Bartender62,bartender,bartender,barkeep,成年,原版Core,,,Social4、Melee2、Cooking2,
BattleMechanic27,battle mechanic,battle mechanic,mechanic,成年,原版Core,,,Shooting5、Melee3、Crafting4,
BattlefieldTech52,battlefield tech,battlefield tech,technician,成年,原版Core,,,Construction4、Intellectual4、Shooting3、Cooking-3、Crafting4,
BeastSlayer67,beast slayer,beast slayer,slayer,成年,原版Core,,,Plants2、Shooting4、Melee4、Cooking3,
BehaviourResearch74,behaviour research,behaviour research,scientist,成年,原版Core,,,Plants-3、Intellectual8、Melee1、Social2、Cooking-2、Medicine6,
BiosphereManager95,biosphere manager,biosphere manager,botanist,成年,原版Core,,,Shooting-4、Animals6、Plants6,
Blacksmith7,blacksmith,blacksmith,blacksmith,成年,原版Core,,,Mining2、Melee2、Crafting8,
Blacksmith72,blacksmith,blacksmith,blacksmith,成年,原版Core,,,Shooting-5、Melee4、Crafting6,
BlacksmithShooter21,blacksmith shooter,blacksmith shooter,gunsmith,成年,原版Core,,,Construction3、Shooting5、Crafting3,
BloodgameSurvivor6,bloodgame survivor,bloodgame survivor,bloodgamer,成年,原版Core,,,Construction2、Melee7、Social6,
BloodyDentist9,bloody dentist,bloody dentist,dentist,成年,原版Core,,,Intellectual4、Medicine6、Artistic2,
BloodyWanderer28,bloody wanderer,bloody wanderer,wanderer,成年,原版Core,,,Construction2、Intellectual-2、Shooting3、Melee4、Crafting2,
Bodyguard58,bodyguard,bodyguard,bodyguard,成年,原版Core,,,Shooting4、Melee4,
BountyHunter17,bounty hunter,bounty hunter,hunter,成年,原版Core,,,Shooting6、Melee4、Medicine2,
BountyHunter41,bounty hunter,bounty hunter,hunter,成年,原版Core,,,Shooting8、Melee5,
BountyHunter93,bounty hunter,bounty hunter,hunter,成年,原版Core,,,Shooting5、Melee3、Social2、Crafting2,
Brave88,brave,brave,brave,成年,原版Core,,,Melee7、Shooting2,
Brigand68,brigand,brigand,brigand,成年,原版Core,,,Construction2、Shooting2、Melee3、Cooking2、Medicine1、Crafting1,
BushSniper94,bush sniper,bush sniper,sniper,成年,原版Core,,,Plants-3、Shooting6、Cooking2、Artistic-2、Animals4,
BusinessGangster58,business gangster,business gangster,gangster,成年,原版Core,,,Shooting3、Melee5、Social7、Artistic2,
Butcher40,butcher,butcher,butcher,成年,原版Core,,,Cooking6、Animals3,
Caravaneer53,caravaneer,caravaneer,caravaneer,成年,原版Core,,,Shooting4、Social7,
CargoPilot58,cargo pilot,cargo pilot,pilot,成年,原版Core,,,Construction2、Mining1、Shooting4、Melee2、Social1,
Carver1,carver,carver,carver,成年,原版Core,,,Artistic7,
CasketBuilder52,casket builder,casket builder,builder,成年,原版Core,,,Construction4、Intellectual4、Medicine3,
Castaway57,castaway,castaway,castaway,成年,原版Core,,,Melee5、Animals3、Construction4,
Castaway81,castaway,castaway,castaway,成年,原版Core,,,Construction2、Plants3、Mining2、Cooking2,
CaveBuilder81,cave builder,cave builder,cave builder,成年,原版Core,,,Mining8、Construction2,
CaveExplorer45,cave explorer,cave explorer,cave explorer,成年,原版Core,,,Mining8,
CaveworldIlluminator95,caveworld illuminator,caveworld illuminator,illuminator,成年,原版Core,,,Mining3、Social2,
CharityWorker36,charity worker,charity worker,altruist,成年,原版Core,,,Social6、Mining-3,
Chef52,chef,chef,chef,成年,原版Core,,,Cooking6、Social2,
Chemist73,chemist,chemist,chemist,成年,原版Core,,,Intellectual6、Social2、Medicine4,
Chemist78,chemist,chemist,chemist,成年,原版Core,,,Intellectual6、Social-3、Crafting6,
ChiefEngineer62,chief engineer,chief engineer,engineer,成年,原版Core,,,Construction3、Intellectual3、Mining2、Social-2、Crafting3,
CivilEngineer2,civil engineer,civil engineer,engineer,成年,原版Core,,,Construction7、Intellectual3、Mining2、Social-3,
CivilServant2,civil servant,civil servant,bureaucrat,成年,原版Core,,,Social3、Intellectual3、Construction-2,
CivilServant25,Civil servant,Civil servant,Bureaucrat,成年,原版Core,,,Intellectual3、Social6,
ClanChief14,clan chief,clan chief,chief,成年,原版Core,,,Shooting6、Social7,
CloneFarmer58,clone farmer,clone farmer,cloner,成年,原版Core,,,Social6、Medicine4、Crafting2,
ColiseumFighter22,coliseum fighter,coliseum fighter,fighter,成年,原版Core,,,Intellectual2、Shooting5、Social-1、Crafting3,
ColonialGovernor78,colonial governor,colonial governor,governor,成年,原版Core,,,Construction3、Shooting1、Social6,
Colonist97,colonist,colonist,colonist,成年,原版Core,,,,
ColonyEngineer7,colony engineer,colony engineer,engineer,成年,原版Core,,,Construction7、Intellectual4、Medicine-3、Crafting4,
ColonySettler53,colony settler,colony settler,settler,成年,原版Core,,,Construction4、Plants4、Mining4,
CombatEngineer30,combat engineer,combat engineer,engineer,成年,原版Core,,,Construction6、Intellectual3、Shooting4、Social-3、Cooking-2、Medicine2、Crafting2,
CombatEngineer4,combat engineer,combat engineer,engineer,成年,原版Core,,,Construction2、Shooting5、Crafting3,
CombatMedic82,combat medic,combat medic,medic,成年,原版Core,,,Shooting2、Melee1、Medicine6、Artistic-2,
CombatMedtech59,combat medtech,combat medtech,medic,成年,原版Core,,,Construction3、Intellectual1、Medicine5、Crafting5,
CombatNegotiator31,combat negotiator,combat negotiator,negotiator,成年,原版Core,,,Shooting4、Melee3、Social3,
CommonerLord45,commoner lord,commoner lord,lord,成年,原版Core,,,Melee7、Social6,
ComputerEngineer10,computer engineer,computer engineer,tech head,成年,原版Core,,,Intellectual8、Social4、Crafting2,
ComputerEngineer36,computer engineer,computer engineer,engineer,成年,原版Core,,,Intellectual6、Social-2、Artistic2、Crafting5,
ConArtist80,con artist,con artist,con artist,成年,原版Core,,,Social10,
ConceptualArtist39,conceptual artist,conceptual artist,artist,成年,原版Core,,,Artistic8、Crafting1,
ConstructionEngineer32,construction engineer,construction engineer,builder,成年,原版Core,,,Construction8、Plants-3,
ContractMiner86,contract miner,contract miner,contract miner,成年,原版Core,,,Mining8,
CoreworldJeweler19,coreworld jeweler,coreworld jeweler,jeweler,成年,原版Core,,,Construction3、Shooting-3、Artistic5、Crafting7,
CorpResearcher71,corp researcher,corp researcher,researcher,成年,原版Core,,,Intellectual8、Shooting-3、Melee-3、Medicine4、Crafting4,
CorpResearcher93,corp researcher,corp researcher,researcher,成年,原版Core,,,Intellectual8、Social3、Cooking-2、Medicine6、Crafting3,
CorporateBuilder58,corporate builder,corporate builder,builder,成年,原版Core,,,Construction7、Mining4,
CorporateManager76,corporate manager,corporate manager,manager,成年,原版Core,,,Social6、Intellectual2,
CosmeticReject64,traveling handywoman,traveling handywoman,handywoman,成年,原版Core,,,Crafting4、Intellectual2、Construction4、Plants-2、Melee-2,
CosmeticSurgeon36,cosmetic surgeon,cosmetic surgeon,surgeon,成年,原版Core,,,Intellectual3、Medicine8、Artistic6,
CostumeCrafter41,costume crafter,costume crafter,costumer,成年,原版Core,,,Intellectual4、Crafting8,
Counselor26,counselor,counselor,counselor,成年,原版Core,,,Social9,
CraftShaper37,craft shaper,craft shaper,shaper,成年,原版Core,,,Construction4、Social-3、Artistic5、Crafting8,
CrimeLord10,crime lord,crime lord,crime lord,成年,原版Core,,,Intellectual2、Shooting6、Melee2、Social3,
CriminalKingpin36,criminal kingpin,criminal kingpin,kingpin,成年,原版Core,,,Shooting2、Melee2、Social5,
CriminalSurgeon99,criminal surgeon,criminal surgeon,surgeon,成年,原版Core,,,Intellectual-3、Melee6、Social-2、Medicine5、Artistic1,
CropFarmer17,crop farmer,crop farmer,farmer,成年,原版Core,,,Plants8,
DeepSpaceMiner3,deep space miner,deep space miner,miner,成年,原版Core,,,Mining7、Construction3、Melee2,
DeepSpaceSurveyor1,deep space surveyor,deep space surveyor,surveyor,成年,原版Core,,,Construction4、Plants-3、Intellectual6、Shooting4、Social2,
Defector78,defector,defector,defector,成年,原版Core,,,Shooting5、Social-4、Medicine3,
Defector95,defector,defector,defector,成年,原版Core,,,Construction3、Shooting4、Melee2、Social-2、Medicine4、Crafting3,
DefenseLawyer71,defense lawyer,defense lawyer,lawyer,成年,原版Core,,,Intellectual5、Shooting3、Social8,
DestroyerGeneral26,destroyer-general,destroyer-general,general,成年,原版Core,,,Shooting6、Melee3、Social6、Artistic-3,
Digger31,digger,digger,digger,成年,原版Core,,,Mining8,
Digger66,digger,digger,digger,成年,原版Core,,,Mining6、Construction2,
DischargedSoldier53,discharged soldier,discharged soldier,soldier,成年,原版Core,,,Shooting6、Melee4、Cooking2,
DoomsdayPariah18,doomsday pariah,doomsday pariah,pariah,成年,原版Core,,,Construction2、Intellectual3、Shooting2、Melee2、Crafting2,
DreadedDude58,dreaded dude,dreaded dude,dude,成年,原版Core,,,Intellectual6、Mining-3、Medicine2、Artistic8、Crafting4,
Drifter67,drifter,drifter,drifter,成年,原版Core,,,Cooking3、Construction3、Artistic-4,
DromedaryKnight37,dromedary knight,dromedary knight,knight,成年,原版Core,,,Shooting-3、Melee4、Social4、Animals4,
DrugLieutenant98,drug lieutenant,drug lieutenant,drugman,成年,原版Core,,,Plants4、Social7、Medicine7,
EnergyResearcher89,energy researcher,energy researcher,researcher,成年,原版Core,,,Intellectual8、Social-2、Artistic-1、Crafting2,
Engineer40,engineer,engineer,engineer,成年,原版Core,,,Construction2、Intellectual1、Social2、Cooking-2、Crafting8,
EngineeredPilot75,engineered pilot,engineered pilot,pilot,成年,原版Core,,,Shooting5、Melee2、Social-2、Medicine2,
EnvoyOfTheStars19,envoy of the stars,envoy of the stars,envoy,成年,原版Core,,,Shooting1、Social8、Medicine2、Artistic2,
EscapedConvict90,escaped convict,escaped convict,escapee,成年,原版Core,,,Mining4、Crafting2,
Evangelist39,evangelist,evangelist,evangelist,成年,原版Core,,,Social4、Artistic4、Medicine-3,
Excavator55,excavator,excavator,excavator,成年,原版Core,,,Mining8,
ExecutiveOfficer5,executive officer,executive officer,executive,成年,原版Core,,,Construction3、Intellectual4、Melee2、Social7,
ExiledResearcher44,exiled researcher,exiled researcher,exile,成年,原版Core,,,Intellectual8、Shooting2、Medicine4、Artistic2、Crafting3,
ExoticChef96,exotic chef,exotic chef,chef,成年,原版Core,,,Cooking6、Artistic2、Crafting1,
ExpertHandyman8,expert handyman,expert handyman,handyman,成年,原版Core,,,Construction7、Intellectual4、Crafting3,
Explorer49,explorer,explorer,explorer,成年,原版Core,,,Intellectual3、Mining3、Shooting2、Melee2、Crafting2,
ExplorerWriter10,explorer-writer,explorer-writer,explorer,成年,原版Core,,,Construction3、Plants3、Intellectual4、Cooking2、Medicine3、Crafting2,
ExplosivesExpert26,explosives expert,explosives expert,blaster,成年,原版Core,,,Mining5、Intellectual5,
FactionLeader74,faction leader,faction leader,leader,成年,原版Core,,,Intellectual3、Melee2、Social8、Medicine2,
FactoryWorker58,factory worker,factory worker,worker,成年,原版Core,,,Animals3、Construction3、Crafting2,
FallenOfficial12,fallen official,fallen official,official,成年,原版Core,,,Melee2、Social5、Medicine2,
FearfulChef49,fearful chef,fearful chef,chef,成年,原版Core,,,Plants2、Intellectual2、Medicine2,
FelineScientist76,feline scientist,feline scientist,scientist,成年,原版Core,,,Intellectual4、Social2、Medicine3,
FerventResearcher72,fervent researcher,fervent researcher,researcher,成年,原版Core,,,Intellectual6、Shooting2、Medicine8,
FighterController67,fighter controller,fighter controller,controller,成年,原版Core,,,Shooting5、Melee5、Social2、Cooking1、Medicine3,
Flaneur30,flaneur,flaneur,flaneur,成年,原版Core,,,Intellectual3、Social6、Cooking3、Artistic3,
ForestProwler15,forest prowler,forest prowler,prowler,成年,原版Core,,,Melee3、Social4、Crafting2,
Forester96,forester,forester,forester,成年,原版Core,,,Plants6、Intellectual2,
Framer37,framer,framer,framer,成年,原版Core,,,Construction6、Plants2,
FrontierMarshal27,frontier marshal,frontier marshal,marshal,成年,原版Core,,,Shooting5、Social4、Medicine3,
Fugitive4,fugitive,fugitive,fugitive,成年,原版Core,,,Plants3、Social-2、Cooking4、Medicine4,
FurnitureBuilder83,furniture builder,furniture builder,builder,成年,原版Core,,,Construction4、Plants3,
GameDeveloper95,game developer,game developer,game dev,成年,原版Core,,,Construction-2、Mining-2,
GameTester77,game tester,game tester,tester,成年,原版Core,,,Intellectual5、Shooting4、Melee4、Social-2、Medicine4,
GangBoss49,gang boss,gang boss,boss,成年,原版Core,,,Construction4、Shooting8、Melee6、Social-3、Medicine3,
GangSoldier39,gang soldier,gang soldier,soldier,成年,原版Core,,,Construction2、Shooting6、Melee3、Cooking2、Medicine2,
Gardener99,gardener,gardener,gardener,成年,原版Core,,,Plants8,
Gatherer70,gatherer,gatherer,gatherer,成年,原版Core,,,Plants8、Animals-2,
GeneticEngineer89,genetic engineer,genetic engineer,geneticist,成年,原版Core,,,Plants1、Intellectual6、Medicine2,
GeneticScientist66,genetic scientist,genetic scientist,geneticist,成年,原版Core,,,Intellectual4、Shooting2、Medicine3,
Geologist66,geologist,geologist,geologist,成年,原版Core,,,Mining8、Crafting3,
Gigolo30,gigolo,gigolo,courtesan,成年,原版Core,,,Social8、Melee3,
Gigolo68,gigolo,gigolo,gigolo,成年,原版Core,,,Shooting3、Melee6、Cooking7,
GlitterworldEmpath26,glitterworld empath,glitterworld empath,empath,成年,原版Core,,,Social8、Medicine2,
GlitterworldOfficer60,glitterworld officer,glitterworld officer,officer,成年,原版Core,,,Melee6、Artistic4,
GlitterworldSurgeon15,glitterworld surgeon,glitterworld surgeon,surgeon,成年,原版Core,,,Artistic5、Medicine3、Social1,
Gnomebiologist96,gnomebiologist,gnomebiologist,biologist,成年,原版Core,,,Intellectual4、Social4、Artistic7、Crafting4,
GovernmentAgent61,government agent,government agent,agent,成年,原版Core,,,Shooting4、Melee4、Medicine3,
GraphicDesigner33,graphic designer,graphic designer,designer,成年,原版Core,,,Artistic7、Crafting1,
Guardian55,guardian,guardian,guardian,成年,原版Core,,,Shooting4、Melee4、Medicine4,
GunDealer14,gun dealer,gun dealer,gun dealer,成年,原版Core,,,Shooting4、Social8,
Gunfighter51,gunfighter,gunfighter,gunfighter,成年,原版Core,,,Shooting8、Melee2、Medicine6,
Healer35,healer,healer,healer,成年,原版Core,,,Plants5、Medicine7,
Healer46,healer,healer,healer,成年,原版Core,,,Medicine5、Plants3,
HearthTender66,hearth tender,hearth tender,tender,成年,原版Core,,,Cooking4、Medicine3、Crafting2,
HedgeFundManager54,hedge fund manager,hedge fund manager,banker,成年,原版Core,,,Construction-2、Plants-2、Intellectual3、Social4、Artistic7,
Herbalist54,herbalist,herbalist,herbalist,成年,原版Core,,,Plants4、Medicine4、Social-2,
Herder33,herder,herder,herder,成年,原版Core,,,Shooting3、Animals5,
Hermit82,hermit,hermit,hermit,成年,原版Core,,,Plants4、Crafting3、Construction1,
Herpetologist3,herpetologist,herpetologist,herper,成年,原版Core,,,Plants2、Intellectual2、Medicine4、Animals6,
HiredAssassin37,hired assassin,hired assassin,assassin,成年,原版Core,,,Shooting4、Melee5、Social3,
HiredGun70,hired gun,hired gun,hired gun,成年,原版Core,,,Shooting6、Melee2、Cooking2、Medicine3,
HiredMuscle5,hired muscle,hired muscle,hired thug,成年,原版Core,,,Shooting5、Melee3、Social3,
HouseServant63,house servant,house servant,servant,成年,原版Core,,,Cooking4、Plants-3、Mining-3,
Housemate8,housemate,housemate,housemate,成年,原版Core,,,Cooking3、Medicine3、Crafting2,
HumanComputer83,human computer,human computer,computer,成年,原版Core,,,Shooting3、Intellectual7,
HumanTrafficker35,human trafficker,human trafficker,trafficker,成年,原版Core,,,Melee4、Social3、Crafting2,
Hunter73,hunter,hunter,hunter,成年,原版Core,,,Plants2、Shooting6、Medicine4,
Hunter74,hunter,hunter,hunter,成年,原版Core,,,Shooting4、Melee3、Animals2,
Hunter89,hunter,hunter,hunter,成年,原版Core,,,Animals3、Shooting5,
HunterOfTheKing53,hunter of the king,hunter of the king,pest guard,成年,原版Core,,,Intellectual-2、Shooting6、Melee4、Medicine3、Crafting-3,
HypnocultLeader61,hypnocult leader,hypnocult leader,cultist,成年,原版Core,,,Intellectual5、Social8,
IllegalShipwright76,illegal shipwright,illegal shipwright,shipwright,成年,原版Core,,,Construction7,
ImperialGeneral27,imperial general,imperial general,general,成年,原版Core,,,Construction-2、Intellectual4、Mining-3、Shooting4、Melee4、Social5、Medicine2,
InformationBroker77,information broker,information broker,broker,成年,原版Core,,,Intellectual4、Shooting-1、Melee-2、Social5,
IntelligenceAgent10,intelligence agent,intelligence agent,agent,成年,原版Core,,,Shooting7、Melee4、Social8,
IntimateAssassin35,intimate assassin,intimate assassin,assassin,成年,原版Core,,,Melee8、Social4,
Inventor6,inventor,inventor,inventor,成年,原版Core,,,Crafting5、Intellectual2,
InvoluntaryHermit38,involuntary hermit,involuntary hermit,hermit,成年,原版Core,,,Construction1、Plants3、Melee4、Crafting3,
Jailbird40,jailbird,jailbird,jailbird,成年,原版Core,,,Melee5、Cooking3,
JoywireArtist8,joywire artist,joywire artist,joywirer,成年,原版Core,,,Artistic3、Intellectual2、Medicine2,
KingOfPirates25,king of pirates,king of pirates,pirate,成年,原版Core,,,Shooting5、Melee8、Social4、Animals3,
LanguageAnalyst27,language analyst,language analyst,linguist,成年,原版Core,,,Plants4、Intellectual8,
LazyProgrammer3,lazy programmer,lazy programmer,programmer,成年,原版Core,,,Intellectual8,
LivestockFarmer8,livestock farmer,livestock farmer,farmer,成年,原版Core,,,Animals7,
Logger16,logger,logger,logger,成年,原版Core,,,Plants6、Melee3,
Logger95,logger,logger,logger,成年,原版Core,,,Plants8,
LoneTraveler95,lone traveler,lone traveler,traveler,成年,原版Core,,,Plants3、Shooting4、Medicine3、Artistic-2,
Loner61,loner,loner,loner,成年,原版Core,,,Shooting3、Melee2、Plants5、Construction1,
LoreKeeper51,lore keeper,lore keeper,keeper,成年,原版Core,,,Intellectual2、Social3、Artistic2,
LostMarine81,lost marine,lost marine,traitor,成年,原版Core,,,Shooting7、Melee5、Medicine2、Crafting6,
LostSoldier13,lost soldier,lost soldier,lost,成年,原版Core,,,Construction5、Intellectual-3、Social-2、Crafting5,
LowWageWorker7,low-wage worker,low-wage worker,grunt,成年,原版Core,,,Cooking4、Plants3、Crafting3,
MachineCollector55,machine collector,machine collector,collector,成年,原版Core,,,Social-3、Crafting6、Intellectual6,
MachineFixer31,machine fixer,machine fixer,fixer,成年,原版Core,,,Construction5、Medicine5、Crafting3,
MadAccountant61,mad accountant,mad accountant,accountant,成年,原版Core,,,Intellectual6、Shooting4、Social4,
MadScientist2,mad scientist,mad scientist,scientist,成年,原版Core,,,Construction3、Intellectual7、Social-2,
MadScientist22,mad scientist,mad scientist,scientist,成年,原版Core,,,Intellectual5、Shooting5、Medicine4、Crafting2,
MadScientist31,mad scientist,mad scientist,scientist,成年,原版Core,,,Intellectual8、Mining3、Medicine3、Artistic-3、Animals-2,
MafiaBoss17,mafia boss,mafia boss,boss,成年,原版Core,,,Shooting4、Melee3、Social4,
Malingerer28,malingerer,malingerer,malingerer,成年,原版Core,,,Intellectual2、Social5,
MarbleDoctor99,marble doctor,marble doctor,doctor,成年,原版Core,,,Intellectual4、Medicine8,
MasterChef48,master chef,master chef,chef,成年,原版Core,,,Cooking8、Artistic4,
MasterTrader65,master trader,master trader,trader,成年,原版Core,,,Social8、Cooking2、Artistic4,
Mathematician6,mathematician,mathematician,math prof,成年,原版Core,,,Shooting-3、Intellectual8,
MechWarVeteran77,mech war veteran,mech war veteran,veteran,成年,原版Core,,,Shooting7、Melee4,
MechanicsEngineer64,mechanics engineer,mechanics engineer,engineer,成年,原版Core,,,Construction5、Plants-2、Intellectual2、Crafting6,
MedicSoldier54,medic soldier,medic soldier,medic,成年,原版Core,,,Intellectual5、Medicine7,
MedicalScientist16,medical scientist,medical scientist,scientist,成年,原版Core,,,Intellectual8、Medicine2,
MedievalDoctor40,medieval doctor,medieval doctor,quack,成年,原版Core,,,Melee6、Medicine1,
MedievalFarmOaf58,medieval farm oaf,medieval farm oaf,oaf,成年,原版Core,,,Plants8、Mining3,
MedievalKnight26,medieval knight,medieval knight,knight,成年,原版Core,,,Shooting2、Melee6,
MedievalLord57,medieval lord,medieval lord,noble,成年,原版Core,,,Social7、Melee5、Shooting5,
MedievalMinstrel95,medieval minstrel,medieval minstrel,minstrel,成年,原版Core,,,Social4、Artistic3、Melee2,
MedievalSailor97,medieval sailor,medieval sailor,sailor,成年,原版Core,,,Melee4、Social4、Animals4,
MentalPatient69,mental patient,mental patient,patient,成年,原版Core,,,Plants3、Intellectual2、Shooting-2、Artistic3、Crafting3,
Mercenary20,mercenary,mercenary,mercenary,成年,原版Core,,,Construction2、Shooting6、Melee6、Social2、Crafting2,
Mercenary4,mercenary,mercenary,mercenary,成年,原版Core,,,Construction3、Mining2、Shooting5、Artistic-2,
Mercenary55,mercenary,mercenary,merc,成年,原版Core,,,Construction3、Mining2、Shooting4、Melee3,
MercenaryCaptain98,mercenary captain,mercenary captain,captain,成年,原版Core,,,Intellectual2、Shooting5、Social5,
MercenaryChef44,mercenary chef,mercenary chef,mercenary,成年,原版Core,,,Construction-3、Mining-3、Shooting4、Cooking5、Crafting5,
MercenaryLeader28,mercenary leader,mercenary leader,mercenary,成年,原版Core,,,Shooting4、Melee4、Social4,
MercenaryLord13,mercenary lord,mercenary lord,merc lord,成年,原版Core,,,Intellectual4、Shooting2、Social7、Medicine3、Artistic2,
MercenaryPilot63,mercenary pilot,mercenary pilot,mercenary,成年,原版Core,,,Construction3、Shooting6、Melee4、Social-1,
MessageCarrier77,message carrier,message carrier,messenger,成年,原版Core,,,Melee3、Animals4,
Microbiologist12,microbiologist,microbiologist,biologist,成年,原版Core,,,Intellectual5、Medicine3,
MidworldSailor91,midworld sailor,midworld sailor,sailor,成年,原版Core,,,Construction3、Shooting4、Melee3、Social4,
MilitaryEngineer45,military engineer,military engineer,engineer,成年,原版Core,,,Construction3、Shooting3、Melee1、Crafting4,
MilitaryGunsmith27,military gunsmith,military gunsmith,gunsmith,成年,原版Core,,,Construction2、Shooting5、Melee4、Cooking1、Medicine2、Crafting5,
MilitaryInventor35,military inventor,military inventor,inventor,成年,原版Core,,,Construction3、Intellectual3、Shooting1、Social2、Crafting3,
MilitaryOfficer17,military officer,military officer,officer,成年,原版Core,,,Construction2、Intellectual2、Shooting8、Social-3,
MilitiaSoldier79,militia soldier,militia soldier,soldier,成年,原版Core,,,Construction3、Melee3、Social4、Medicine-3、Artistic4、Crafting3,
MindwipedAssassin50,mindwiped assassin,mindwiped assassin,mindwipe,成年,原版Core,,,Shooting8、Melee4、Cooking-2,
Minister88,minister,minister,minister,成年,原版Core,,,Intellectual3、Shooting2、Social4、Crafting3,
Missionary99,missionary,missionary,missionary,成年,原版Core,,,Social6、Cooking4、Medicine2,
MobHenchman53,mob henchman,mob henchman,henchman,成年,原版Core,,,Shooting3、Melee7、Social-2、Medicine2、Crafting2,
Model99,model,model,model,成年,原版Core,,,Social5、Artistic6,
MuffaloResearcher67,muffalo researcher,muffalo researcher,researcher,成年,原版Core,,,Intellectual5、Melee-3、Medicine4、Animals4,
MuffaloShaman95,muffalo shaman,muffalo shaman,shaman,成年,原版Core,,,Melee5、Social2,
MutinousCaptain52,mutinous captain,mutinous captain,captain,成年,原版Core,,,Shooting4、Social8,
NavyScientist52,navy scientist,navy scientist,scientist,成年,原版Core,,,Intellectual8,
NavyTechOfficer0,navy tech officer,navy tech officer,navy tech,成年,原版Core,,,Intellectual6、Shooting4、Cooking-2、Crafting5、Animals-2,
NetworkEngineer34,network engineer,network engineer,engineer,成年,原版Core,,,Construction4、Intellectual4、Shooting4、Crafting4,
NeuroScientist19,neuro scientist,neuro scientist,scientist,成年,原版Core,,,Intellectual8、Social2、Medicine3,
NinjaAssassin31,ninja assassin,ninja assassin,ninja,成年,原版Core,,,Shooting4、Melee3、Social2、Crafting2,
Novelist7,novelist,novelist,novelist,成年,原版Core,,,Construction-5、Mining-5、Artistic8,
Nurse61,nurse,nurse,nurse,成年,原版Core,,,Social4、Medicine5,
OrbitalReservist22,orbital reservist,orbital reservist,reservist,成年,原版Core,,,Shooting7、Melee5、Medicine2,
OskarCustomAdulthood,mod designer,mod designer,modder,成年,原版Core,,,Intellectual5、Crafting5、Medicine2,
Osteologist74,osteologist,osteologist,scholar,成年,原版Core,,,Intellectual7、Mining-3、Melee3、Social3,
OverwatchSniper42,overwatch sniper,overwatch sniper,sniper,成年,原版Core,,,Shooting5、Melee3、Medicine3,
Paramedic45,paramedic,paramedic,paramedic,成年,原版Core,,,Shooting-5、Medicine6,
ParamilitaryAgent11,paramilitary agent,paramilitary agent,agent,成年,原版Core,,,Shooting5、Melee2、Social3,
ParticlePhysicist44,particle physicist,particle physicist,physicist,成年,原版Core,,,Plants2、Intellectual8、Medicine3、Artistic3,
Philosopher97,philosopher,philosopher,sage,成年,原版Core,,,Intellectual4、Social2、Medicine3、Crafting2,
Pirate56,pirate,pirate,pirate,成年,原版Core,,,Shooting4、Melee2、Social8,
PirateCaptain69,pirate captain,pirate captain,captain,成年,原版Core,,,Shooting5、Melee5、Social6,
PirateDoctor0,pirate doctor,pirate doctor,bad doc,成年,原版Core,,,Intellectual3、Mining-3、Social-2、Medicine4、Artistic-3,
PirateKing69,pirate king,pirate king,pirate,成年,原版Core,,,Shooting7、Melee5、Artistic-2,
PirateSympathizer24,pirate sympathizer,pirate sympathizer,pirate,成年,原版Core,,,Shooting4、Melee8,
PirateTrooper73,pirate trooper,pirate trooper,trooper,成年,原版Core,,,Shooting6、Melee5,
PitBrawler76,pit brawler,pit brawler,brawler,成年,原版Core,,,Melee8,
PlagueDoctor31,plague doctor,plague doctor,doctor,成年,原版Core,,,Intellectual4、Social-2、Medicine8,
PlanetaryDiplomat7,planetary diplomat,planetary diplomat,diplomat,成年,原版Core,,,Construction-2、Intellectual3、Social8、Artistic2,
PlankCutter72,plank cutter,plank cutter,plank cutter,成年,原版Core,,,Plants6、Melee3,
PoisonGardener29,poison gardener,poison gardener,botanist,成年,原版Core,,,Plants4、Intellectual1、Cooking2、Medicine2,
Policeman45,policeman,policeman,policeman,成年,原版Core,,,Social3、Shooting4、Melee3,
PoliticalActivist20,political activist,political activist,activist,成年,原版Core,,,Intellectual2、Shooting5、Melee3、Medicine2,
PoliticalAssassin46,political assassin,political assassin,deathjack,成年,原版Core,,,Shooting8、Melee8,
Politician57,politician,politician,politician,成年,原版Core,,,Shooting2、Melee2、Social5,
PopIdol59,pop idol,pop idol,pop idol,成年,原版Core,,,Shooting-4、Melee-4、Social8、Artistic8,
PopIdolPirate39,pop idol pirate,pop idol pirate,pirate,成年,原版Core,,,Plants-2、Shooting5、Melee7、Social4、Cooking-2,
PrisonerOfWar2,prisoner of war,prisoner of war,prisoner,成年,原版Core,,,Shooting4、Melee4、Social4,
PrivateDetective66,private detective,private detective,detective,成年,原版Core,,,Intellectual4、Social7,
ProstheticSurgeon0,prosthetic surgeon,prosthetic surgeon,surgeon,成年,原版Core,,,Plants-2、Intellectual4、Medicine6、Crafting4,
ProstituteIdol28,prostitute idol,prostitute idol,prostitute,成年,原版Core,,,Social7、Cooking3、Artistic3,
PsychiatricPatient94,psychiatric patient,psychiatric patient,patient,成年,原版Core,,,Cooking-2、Crafting-2,
QuarryWorker29,quarry worker,quarry worker,quarry worker,成年,原版Core,,,Mining8,
RaiderKing38,raider king,raider king,Pirate,成年,原版Core,,,Mining3、Shooting5、Melee5,
Rancher43,rancher,rancher,rancher,成年,原版Core,,,Animals8、Cooking-4、Mining-4,
Ranger6,ranger,ranger,ranger,成年,原版Core,,,Construction2、Plants2、Shooting4、Cooking2、Medicine2,
Ranger96,ranger,ranger,ranger,成年,原版Core,,,Plants6、Shooting2,
RebelFighter39,rebel fighter,rebel fighter,rebel,成年,原版Core,,,Shooting4、Melee2,
Recruiter14,recruiter,recruiter,recruiter,成年,原版Core,,,Melee5、Social5,
ReligiousHierarch16,religious hierarch,religious hierarch,hierarch,成年,原版Core,,,Construction-3、Mining-3、Shooting-2、Melee-2、Social8、Cooking4、Medicine5,
RenegadeEngineer43,renegade engineer,renegade engineer,engineer,成年,原版Core,,,Intellectual3、Shooting3、Melee3、Medicine3,
RenownedProfessor51,renowned professor,renowned professor,professor,成年,原版Core,,,Intellectual5、Social6,
Reporter71,reporter,reporter,reporter,成年,原版Core,,,Intellectual2、Social4、Artistic3,
ReptileResearcher37,reptile researcher,reptile researcher,researcher,成年,原版Core,,,Intellectual7、Cooking2、Medicine3、Artistic3、Crafting2,
Restorer70,restorer,restorer,restorer,成年,原版Core,,,Construction5、Crafting9、Social-2,
RimworldExile32,Rimworld exile,Rimworld exile,Exile,成年,原版Core,,,Intellectual6、Shooting-2、Social5、Cooking2,
Roboticist1,roboticist,roboticist,roboticist,成年,原版Core,,,Construction3、Intellectual7、Crafting3,
Roboticist41,roboticist,roboticist,roboticist,成年,原版Core,,,Construction3、Intellectual4、Crafting6,
RocketEngineer53,rocket engineer,rocket engineer,engineer,成年,原版Core,,,Construction4、Intellectual5、Mining3、Social-1、Cooking-4、Medicine-2,
RocketPioneer19,rocket pioneer,rocket pioneer,rocketeer,成年,原版Core,,,Construction8、Plants-3、Intellectual5,
RugbyPlayer71,rugby player,rugby player,winger,成年,原版Core,,,Construction4、Mining3、Melee5,
RunawayDancer35,runaway dancer,runaway dancer,dancer,成年,原版Core,,,Shooting2、Social6、Artistic4,
SanitationCaptain29,sanitation captain,sanitation captain,janitor,成年,原版Core,,,Construction5、Crafting3,
Scout59,scout,scout,scout,成年,原版Core,,,Shooting2、Intellectual2、Social2,
Sculptor63,sculptor,sculptor,sculptor,成年,原版Core,,,Plants-4、Mining4、Artistic9,
SelflessHunter61,selfless hunter,selfless hunter,hunter,成年,原版Core,,,Shooting5、Social6,
SerialMurderer47,serial murderer,serial murderer,murderer,成年,原版Core,,,Shooting4、Melee4、Artistic4,
ShadowMarine63,shadow marine,shadow marine,marine,成年,原版Core,,,Intellectual4、Shooting4、Melee2、Medicine3、Animals3,
ShamanOfShadows47,shaman of shadows,shaman of shadows,shaman,成年,原版Core,,,Construction-2、Plants2、Intellectual2、Social6、Medicine4,
Sheriff52,sheriff,sheriff,sheriff,成年,原版Core,,,Shooting4、Melee4、Social4,
ShockTrooper15,shock trooper,shock trooper,shocktroop,成年,原版Core,,,Shooting7、Melee5、Medicine2,
SicklyLawyer49,sickly lawyer,sickly lawyer,lawyer,成年,原版Core,,,Social8,
Sightseer70,sightseer,sightseer,sightseer,成年,原版Core,,,Plants2、Shooting2、Melee2、Medicine2、Artistic2、Animals2,
Slaughterer58,slaughterer,slaughterer,slaughterer,成年,原版Core,,,Animals5、Shooting3,
SlaveChemist84,slave chemist,slave chemist,chemist,成年,原版Core,,,Construction-1、Intellectual4、Mining-2、Melee-1、Medicine5,
Smuggler23,smuggler,smuggler,smuggler,成年,原版Core,,,Intellectual-2、Shooting2、Melee2、Social5、Medicine2,
SoftwareDeveloper84,software developer,software developer,developer,成年,原版Core,,,Plants-3、Intellectual7、Social-3、Artistic3、Crafting5,
SoleSurvivor85,sole survivor,sole survivor,survivor,成年,原版Core,,,Shooting4、Melee5、Social-3,
SpaceBartender0,space bartender,space bartender,bartender,成年,原版Core,,,Plants4、Social4、Cooking5、Crafting2,
SpaceExplorer53,space explorer,space explorer,explorer,成年,原版Core,,,Construction3、Plants3、Mining3、Shooting4、Social4,
SpaceHumanitarian9,space humanitarian,space humanitarian,activist,成年,原版Core,,,Plants2、Shooting-2、Cooking4、Medicine2,
SpaceHunter79,space hunter,space hunter,huntsman,成年,原版Core,,,Shooting5、Melee1、Cooking1、Medicine2、Crafting3,
SpaceMarine16,space marine,space marine,marine,成年,原版Core,,,Melee5、Shooting7,
SpaceMarine19,space marine,space marine,marine,成年,原版Core,,,Shooting6、Melee4、Artistic-3、Crafting-2,
SpaceMarine5,space marine,space marine,marine,成年,原版Core,,,Shooting8、Melee6,
SpaceMarine51,space marine,space marine,marine,成年,原版Core,,,Shooting6、Melee5、Medicine2,
SpaceMarine9,space marine,space marine,marine,成年,原版Core,,,Shooting6、Melee5、Social-2,
SpaceMarine94,space marine,space marine,marine,成年,原版Core,,,Shooting7、Melee5,
SpaceMarineMedic10,space marine medic,space marine medic,medic,成年,原版Core,,,Shooting6、Melee2、Medicine6,
SpaceMerchant97,space merchant,space merchant,merchant,成年,原版Core,,,Construction4、Shooting2、Social5、Crafting2,
SpaceNavyDoctor72,space navy doctor,space navy doctor,doctor,成年,原版Core,,,Construction-2、Plants-2、Mining-2、Shooting3、Melee1、Social2、Medicine5、Artistic-1,
SpaceNavyTech37,space navy tech,space navy tech,navy tech,成年,原版Core,,,Intellectual8、Shooting4、Melee2、Crafting3,
SpacePirate55,space pirate,space pirate,pirate,成年,原版Core,,,Melee4、Shooting4,
SpaceRaider71,space raider,space raider,Pirate,成年,原版Core,,,Shooting8、Melee3、Social5,
SpaceResearcher25,space researcher,space researcher,researcher,成年,原版Core,,,Plants2、Intellectual6、Mining-1、Crafting3,
SpaceStationCook63,space station cook,space station cook,cook,成年,原版Core,,,Melee4、Cooking6,
SpaceTactician28,space tactician,space tactician,tactician,成年,原版Core,,,Shooting4、Intellectual4,
SpaceTechnician29,space technician,space technician,technician,成年,原版Core,,,Construction5、Intellectual1、Mining2、Social1,
SpaceTrafficker68,space trafficker,space trafficker,trafficker,成年,原版Core,,,Shooting5、Melee5、Social5、Medicine-2,
SpaceshipChef41,spaceship chef,spaceship chef,chef,成年,原版Core,,,Cooking7、Medicine5,
SpaceshipSalesman34,spaceship salesman,spaceship salesman,salesman,成年,原版Core,,,Construction2、Plants1、Intellectual2、Shooting2、Social8、Cooking-1、Medicine-1、Artistic-2、Crafting-1,
SpecialForces13,special forces,special forces,specialist,成年,原版Core,,,Shooting7、Melee6、Social2,
Spiceminer81,spiceminer,spiceminer,spiceminer,成年,原版Core,,,Construction2、Plants-2、Mining8、Social2、Medicine-2,
Spy58,spy,spy,spy,成年,原版Core,,,Shooting2、Melee2、Social7,
StalwartFarmer21,stalwart farmer,stalwart farmer,farmer,成年,原版Core,,,Construction3、Plants3、Intellectual-2、Mining2、Shooting5、Melee2,
StalwartFarmer90,stalwart farmer,stalwart farmer,farmer,成年,原版Core,,,Construction4、Shooting4、Melee2、Crafting2,
StarKnight5,star knight,star knight,knight,成年,原版Core,,,Shooting2、Melee8、Social3,
StarfighterPilot79,starfighter pilot,starfighter pilot,pilot,成年,原版Core,,,Intellectual4、Mining-3、Shooting7、Melee3、Artistic-3、Animals-3,
StarshipDoctor37,starship doctor,starship doctor,doctor,成年,原版Core,,,Intellectual5、Melee-2、Social-3、Medicine8,
StarshipJanitor33,starship janitor,starship janitor,janitor,成年,原版Core,,,Construction2、Crafting3,
StateEngineer60,state engineer,state engineer,engineer,成年,原版Core,,,Construction2、Intellectual4、Crafting5,
StationSecurity38,station security,station security,security,成年,原版Core,,,Shooting4、Melee3、Social3、Medicine3、Artistic-3,
StellarPirate10,stellar pirate,stellar pirate,pirate,成年,原版Core,,,Shooting4、Social4、Crafting4,
StewKeeper95,stew keeper,stew keeper,stewkeeper,成年,原版Core,,,Cooking6、Plants2,
StilettoAssassin34,stiletto assassin,stiletto assassin,assassin,成年,原版Core,,,Construction-3、Mining-3、Shooting6、Melee8、Medicine2,
Storyteller63,storyteller,storyteller,fabulist,成年,原版Core,,,Intellectual2、Social4、Artistic3、Crafting2,
Streamer52,Streamer,Streamer,Streamer,成年,原版Core,,,Social6、Animals5,
SuperSoldier95,super soldier,super soldier,soldier,成年,原版Core,,,Shooting8、Melee7、Crafting-3,
SystemLord77,system lord,system lord,lord,成年,原版Core,,,Shooting6、Melee2、Social6,
SystemsEngineer1,systems engineer,systems engineer,engineer,成年,原版Core,,,Construction5、Intellectual7、Crafting4,
Tamer79,tamer,tamer,tamer,成年,原版Core,,,Animals6、Social2,
Taster16,taster,taster,taster,成年,原版Core,,,Cooking7、Construction-4、Crafting-4,
Taxonomist0,taxonomist,taxonomist,taxonomist,成年,原版Core,,,Animals5、Plants5,
Teacher20,teacher,teacher,teacher,成年,原版Core,,,Intellectual3、Social4,
Technician9,technician,technician,techie,成年,原版Core,,,Construction2、Intellectual6、Medicine4,
TechnologyDoctor35,soldier-farmer,soldier-farmer,soldier,成年,原版Core,,,Plants4、Shooting4、Medicine2、Animals2,
TestSubject39,test subject,test subject,subject,成年,原版Core,,,Shooting4、Melee4,
TestSubject90,test subject,test subject,experiment,成年,原版Core,,,Shooting6、Melee8、Social-4,
TestSubject92,test subject,test subject,subject,成年,原版Core,,,Intellectual5、Melee5、Cooking1,
TheaterTechnician80,theater technician,theater technician,technician,成年,原版Core,,,Construction3、Social3、Artistic2、Crafting2,
Tinkerer86,tinkerer,tinkerer,tinkerer,成年,原版Core,,,Construction4、Intellectual4、Artistic2、Crafting4,
ToasterRepairman22,toaster repairman,toaster repairman,repairman,成年,原版Core,,,Construction7、Mining-3、Crafting6,
ToolMechanic77,tool mechanic,tool mechanic,mechanic,成年,原版Core,,,Construction5、Artistic2、Crafting8,
Torturer37,torturer,torturer,torturer,成年,原版Core,,,Melee6,
TournamentFighter28,tournament fighter,tournament fighter,fighter,成年,原版Core,,,Intellectual2、Melee8、Medicine1,
TravelingBard93,Traveling bard,Traveling bard,Musician,成年,原版Core,,,Social5、Artistic4、Crafting2,
TreasureHunter82,treasure hunter,treasure hunter,adventurer,成年,原版Core,,,Shooting5、Melee5、Social4、Cooking2、Medicine2,
TreehouseBuilder86,treehouse builder,treehouse builder,treehouse builder,成年,原版Core,,,Plants6、Melee3,
TribeMember57,tribe member,tribe member,tribal,成年,原版Core,,,,
Undertaker93,undertaker,undertaker,undertaker,成年,原版Core,,,Intellectual3、Social6、Medicine2,
UnethicalDoctor29,unethical doctor,unethical doctor,doctor,成年,原版Core,,,Intellectual6、Medicine6,
UnstableButcher31,unstable butcher,unstable butcher,butcher,成年,原版Core,,,Construction4、Intellectual-4、Mining3、Melee6、Social2、Medicine-3,
UprightDiplomat49,upright diplomat,upright diplomat,diplomat,成年,原版Core,,,Construction-3、Shooting4、Social8、Crafting-3,
UrbworldDrone32,urbworld drone,urbworld drone,drone,成年,原版Core,,,Construction5、Mining4、Social-2,
UrbworldEnforcer11,urbworld enforcer,urbworld enforcer,enforcer,成年,原版Core,,,Shooting7、Melee4、Social3、Medicine2,
UrbworldEntrepreneur14,urbworld entrepreneur,urbworld entrepreneur,entrepreneur,成年,原版Core,,,Social6、Intellectual3,
UrbworldPimp93,urbworld pimp,urbworld pimp,pimp,成年,原版Core,,,Melee6、Social4、Medicine5,
UrbworldPolitican92,urbworld politican,urbworld politican,politician,成年,原版Core,,,Social8,
UrbworldRebel56,urbworld rebel,urbworld rebel,rebel,成年,原版Core,,,Melee3、Construction3、Mining2,
UrbworldSergeant50,urbworld sergeant,urbworld sergeant,sergeant,成年,原版Core,,,Shooting4、Melee2、Social3,
UrbworldSexSlave25,urbworld sex slave,urbworld sex slave,sex slave,成年,原版Core,,,Social6、Cooking2、Artistic-2,
VRDesigner87,VR designer,VR designer,game dev,成年,原版Core,,,Construction3、Plants4、Artistic5,
Vagabond73,vagabond,vagabond,vagabond,成年,原版Core,,,Construction4、Shooting3、Cooking-2、Crafting4、Animals4,
VengefulExplorer54,vengeful explorer,vengeful explorer,explorer,成年,原版Core,,,Construction4、Shooting6、Melee5,
VengefulHunter32,vengeful hunter,vengeful hunter,vengeful,成年,原版Core,,,Shooting4、Melee6,
VengefulNomad67,vengeful nomad,vengeful nomad,nomad,成年,原版Core,,,Construction5、Mining1、Crafting7,
VersatileWorker13,versatile worker,versatile worker,worker,成年,原版Core,,,Construction1、Plants4、Melee5、Medicine-1、Crafting2,
Veterinarian99,veterinarian,veterinarian,vet,成年,原版Core,,,Animals4、Medicine4、Cooking-4,
VideoProducer83,video producer,video producer,producer,成年,原版Core,,,Intellectual2、Artistic7、Crafting4,
Villain89,villain,villain,villain,成年,原版Core,,,Intellectual2、Mining-2、Shooting4、Social6,
VinhoKing98,vinho king,vinho king,booze king,成年,原版Core,,,Intellectual3、Shooting3、Social7,
VoidRaider74,void raider,void raider,Pirate,成年,原版Core,,,Shooting6、Melee6,
VoidspaceRaider94,voidspace raider,voidspace raider,Pirate,成年,原版Core,,,Mining2、Shooting4、Melee2、Medicine2、Crafting3,
WanderingCrafter42,wandering crafter,wandering crafter,crafter,成年,原版Core,,,Intellectual2、Shooting3、Crafting8,
WanderingHealer52,wandering healer,wandering healer,healer,成年,原版Core,,,Construction-1、Mining-1、Social3、Cooking2、Medicine7,
WarChief97,war chief,war chief,chief,成年,原版Core,,,Shooting7、Melee5、Social2,
Warlordess56,warlordess,warlordess,warlordess,成年,原版Core,,,Mining-2、Melee-2、Social6、Cooking6、Medicine5、Artistic3,
Warrior73,warrior,warrior,warrior,成年,原版Core,,,Shooting5、Melee4、Cooking2、Medicine3,
Warrior94,warrior,warrior,warrior,成年,原版Core,,,Melee4、Shooting4,
WarshipCaptain67,warship captain,warship captain,captain,成年,原版Core,,,Construction3、Plants-3、Intellectual5、Shooting3、Melee2、Social5、Animals-3,
Weaver63,weaver,weaver,weaver,成年,原版Core,,,Crafting6、Plants2,
WhiteHatHacker82,white-hat hacker,white-hat hacker,hacker,成年,原版Core,,,Intellectual8、Social-2、Crafting2,
WildlifeRanger99,wildlife ranger,wildlife ranger,ranger,成年,原版Core,,,Shooting2、Medicine2、Animals8,
AbandonedChild23,abandoned child,abandoned child,abandoned,童年,原版Core,,,Melee3、Crafting3、Social-2,
AbandonedChild30,abandoned child,abandoned child,abandoned,童年,原版Core,,,Construction1、Shooting1、Melee1、Social1,
AbandonedOrphan61,abandoned orphan,abandoned orphan,orphan,童年,原版Core,,,Plants-3、Shooting2、Melee3、Social2,
Abductee43,abductee,abductee,abductee,童年,原版Core,,,Construction2、Melee2、Cooking2、Crafting2,
Abductee7,abductee,abductee,abductee,童年,原版Core,,,Construction2、Mining4、Melee4、Social-2,
AcademyStudent58,academy student,academy student,student,童年,原版Core,,,Social3、Crafting2,
AccursedChild88,accursed child,accursed child,cursed,童年,原版Core,,,Construction-1、Intellectual5、Medicine4,
AdventuringChild30,adventuring child,adventuring child,adventurer,童年,原版Core,,,Construction2、Crafting3,
AdventurousYouth70,adventurous youth,adventurous youth,adventurer,童年,原版Core,,,Melee2、Social2、Cooking2,
AmateurAstronomer77,amateur astronomer,amateur astronomer,astronomer,童年,原版Core,,,Intellectual6,
AmateurBotanist79,amateur botanist,amateur botanist,botanist,童年,原版Core,,,Plants4、Artistic2,
AmateurEngineer3,amateur engineer,amateur engineer,engineer,童年,原版Core,,,Construction2、Intellectual2、Mining1、Shooting1,
AngryStudent88,angry student,angry student,student,童年,原版Core,,,Intellectual4,
AnimalCaretaker20,animal caretaker,animal caretaker,caretaker,童年,原版Core,,,Plants2、Animals4,
AnimalLabTech39,animal lab tech,animal lab tech,lab tech,童年,原版Core,,,Intellectual1、Shooting-2、Medicine2、Animals3,
AntisocialChild83,antisocial child,antisocial child,antisocial,童年,原版Core,,,Intellectual3、Crafting2,
ApocalypseChild23,apocalypse child,apocalypse child,apocalypse,童年,原版Core,,,Shooting2、Melee3、Crafting2,
ApocalypseSurvivor23,apocalypse survivor,apocalypse survivor,survivor,童年,原版Core,,,Shooting4、Artistic-3、Intellectual-3,
ApprenticeOracle83,apprentice oracle,apprentice oracle,oracle,童年,原版Core,,,Intellectual2、Social3、Medicine2,
ApprenticeSmith37,apprentice smith,apprentice smith,apprentice,童年,原版Core,,,Melee2、Crafting5,
ArtfulDodger78,artful dodger,artful dodger,dodger,童年,原版Core,,,Shooting1、Melee2、Social3,
ArtisanFarmer23,artisan farmer,artisan farmer,farmer,童年,原版Core,,,Plants7、Intellectual-2、Cooking2,
ArtisticWeirdo56,artistic weirdo,artistic weirdo,weirdo,童年,原版Core,,,Cooking1、Artistic3、Crafting2,
AspergersRebel13,aspergers rebel,aspergers rebel,rebel,童年,原版Core,,,Intellectual5、Shooting2、Social-3,
AspiringEngineer58,aspiring engineer,aspiring engineer,tinkerer,童年,原版Core,,,Construction2、Intellectual4、Mining2、Social-2、Crafting2,
AspiringPhysicist47,aspiring physicist,aspiring physicist,student,童年,原版Core,,,Construction1、Intellectual3、Crafting2,
AspiringPopIdol28,aspiring pop idol,aspiring pop idol,pop idol,童年,原版Core,,,Shooting-4、Melee-4、Social4、Artistic4,
Athlete47,athlete,athlete,athlete,童年,原版Core,,,Intellectual3、Melee4,
AwkwardNerd48,awkward nerd,awkward nerd,nerd,童年,原版Core,,,Intellectual5、Melee-2、Social-2、Crafting4,
BlackjackPlayer76,blackjack player,blackjack player,gambler,童年,原版Core,,,Intellectual5、Social4,
BlacksmithsSon73,blacksmith's son,blacksmith's son,blacksmith,童年,原版Core,,,Construction3、Shooting3、Artistic-3、Crafting3,
BlessedChild46,blessed child,blessed child,blessed,童年,原版Core,,,Social3、Medicine2、Artistic1,
BodyguardTrainee54,bodyguard trainee,bodyguard trainee,bodyguard,童年,原版Core,,,Plants2、Shooting3、Melee2、Medicine2,
BoneCollector14,bone collector,bone collector,pupil,童年,原版Core,,,Plants2、Mining2、Shooting-3、Melee-3、Social-3、Medicine2、Artistic2、Crafting2,
Bookworm19,bookworm,bookworm,bookworm,童年,原版Core,,,Intellectual6、Artistic2、Social-3,
Bookworm3,bookworm,bookworm,bookworm,童年,原版Core,,,Plants2、Intellectual2、Social-2、Medicine2,
BoyScout42,boy scout,boy scout,scout,童年,原版Core,,,Plants2、Shooting2、Medicine2,
BoySoldier14,boy soldier,boy soldier,soldier,童年,原版Core,,,Shooting4、Melee2,
BrothelGofer84,brothel gofer,brothel gofer,gofer,童年,原版Core,,,Social2、Cooking2、Crafting2,
BrutalThief59,brutal thief,brutal thief,thief,童年,原版Core,,,Plants-2、Shooting2、Melee4、Social-2,
BuddingArtist44,budding artist,budding artist,artist,童年,原版Core,,,Artistic5,
Bully70,bully,bully,bully,童年,原版Core,,,Melee2、Shooting3,
BunkerKid41,bunker kid,bunker kid,bunker kid,童年,原版Core,,,Shooting4、Melee4、Social-2,
Cadet96,cadet,cadet,cadet,童年,原版Core,,,Construction3、Intellectual3、Crafting3,
CaravanChild53,caravan child,caravan child,child,童年,原版Core,,,Social2、Artistic2,
CaravanTraveler6,caravan traveler,caravan traveler,traveler,童年,原版Core,,,Plants-3、Shooting1、Social2、Animals3,
CatHerder4,cat herder,cat herder,herder,童年,原版Core,,,Social2、Cooking3,
CaveChild17,cave child,cave child,cave kid,童年,原版Core,,,Plants2、Mining2、Shooting-2、Melee-2、Cooking2、Crafting2,
CaveChild30,cave child,cave child,cave child,童年,原版Core,,,Mining3、Construction3,
CaveworldTender26,caveworld tender,caveworld tender,cave kid,童年,原版Core,,,Plants4、Mining2、Shooting-3,
CaveworldTunneler48,caveworld tunneler,caveworld tunneler,tunneler,童年,原版Core,,,Construction1、Mining6、Shooting-2,
ChessMaster67,chess master,chess master,chesshead,童年,原版Core,,,Intellectual2、Social4,
Child27,child,child,child,童年,原版Core,,,,
ChildKnave69,child-knave,child-knave,knave,童年,原版Core,,,Shooting-3、Melee4、Social3,
ChildOfDrifters18,child of drifters,child of drifters,drifter,童年,原版Core,,,Shooting4、Melee-2、Social-3、Crafting6,
ChildOfGlass61,child of glass,child of glass,survivor,童年,原版Core,,,Plants3、Shooting4、Artistic-3,
ChildProdigy76,child prodigy,child prodigy,prodigy,童年,原版Core,,,Intellectual6、Mining-3、Cooking-3、Medicine6,
ChildResearcher32,child researcher,child researcher,researcher,童年,原版Core,,,Intellectual7、Shooting-2、Melee-2,
ChildScientist30,child scientist,child scientist,scientist,童年,原版Core,,,Intellectual4、Social-3、Cooking-2、Medicine3,
ChildSlave58,child slave,child slave,slave,童年,原版Core,,,Construction2、Mining3、Social-2,
ChildSpy47,child spy,child spy,spy,童年,原版Core,,,Social4、Intellectual-2,
ChildSpy84,child spy,child spy,spy,童年,原版Core,,,Shooting3、Social3、Medicine1,
ChildStar74,child star,child star,star,童年,原版Core,,,Social3、Artistic3、Intellectual-2,
ChildTribal,child,child,child,童年,原版Core,,,,
CircusPerformer37,circus performer,circus performer,performer,童年,原版Core,,,Social3、Artistic2,
ClassClown96,class clown,class clown,clowny kid,童年,原版Core,,,Social-3、Artistic4,
CloneFarmed21,clone-farmed,clone-farmed,disposable,童年,原版Core,,,Intellectual4、Shooting-3、Artistic3,
ColiseumCleaner54,coliseum cleaner,coliseum cleaner,cleaner,童年,原版Core,,,Intellectual4、Social2、Crafting1,
Colonist22,colonist,colonist,colonist,童年,原版Core,,,Plants4、Cooking3、Crafting2,
ColonyChild59,colony child,colony child,colonist,童年,原版Core,,,,
ColonyKid47,colony kid,colony kid,colony kid,童年,原版Core,,,Intellectual2、Social-2、Medicine3,
ComaChild93,coma child,coma child,coma child,童年,原版Core,,,Social4、Construction-2、Mining-2,
CommonerHeir5,commoner heir,commoner heir,heir,童年,原版Core,,,Intellectual1、Melee2、Crafting3,
Computer80,computer,computer,computer,童年,原版Core,,,Construction-2、Plants-3、Intellectual4、Artistic1、Crafting3,
ComputerGeek62,computer geek,computer geek,geek,童年,原版Core,,,Construction3、Intellectual3、Shooting-2、Animals2,
ConstructionGrunt84,construction grunt,construction grunt,builder,童年,原版Core,,,Construction4、Social1、Crafting2,
ConventChild16,convent child,convent child,illicit,童年,原版Core,,,Construction3、Plants3,
CoreDilettante33,core dilettante,core dilettante,dilettante,童年,原版Core,,,Intellectual2、Social2、Artistic2,
CoreworldStudent50,coreworld student,coreworld student,student,童年,原版Core,,,Construction2、Shooting-1、Artistic4、Crafting4,
CorpBredStudent54,corp-bred student,corp-bred student,student,童年,原版Core,,,Intellectual5、Social7、Medicine3、Crafting3,
CorpStudent95,corp student,corp student,student,童年,原版Core,,,Intellectual3、Social3、Medicine-2、Artistic-3,
CorporateSlave22,corporate slave,corporate slave,soldier,童年,原版Core,,,Plants-2、Shooting4、Social4、Animals-2,
CountryChild95,country child,country child,hick kid,童年,原版Core,,,Cooking2、Animals4,
CowFarmer39,cow farmer,cow farmer,farmer,童年,原版Core,,,Plants4、Animals3,
CrashBaby32,crash baby,crash baby,crashbaby,童年,原版Core,,,Social3、Intellectual2,
CrimeBossChild39,crime boss' child,crime boss' child,crime kid,童年,原版Core,,,Construction2、Shooting2、Melee2,
CultChild3,cult child,cult child,cult kid,童年,原版Core,,,Medicine-3、Artistic5,
CuriousChild33,curious child,curious child,curious,童年,原版Core,,,Intellectual4、Social-3、Mining-2,
DataDecoder39,data decoder,data decoder,decoder,童年,原版Core,,,Intellectual2,
DedicatedStudent12,dedicated student,dedicated student,student,童年,原版Core,,,Intellectual2、Artistic2,
DesertRat47,desert rat,desert rat,desert rat,童年,原版Core,,,Intellectual2、Melee2、Medicine2,
DiplomatsChild97,diplomat's child,diplomat's child,diplomat,童年,原版Core,,,Intellectual1、Artistic1,
DisasterSurvivor29,disaster survivor,disaster survivor,survivor,童年,原版Core,,,Construction3、Cooking2、Crafting1,
DisasterSurvivor65,disaster survivor,disaster survivor,survivor,童年,原版Core,,,Plants2、Melee3、Crafting2,
DiscardedYouth93,discarded youth,discarded youth,discarded,童年,原版Core,,,Construction3、Crafting3,
DisciplinedFarmer28,disciplined farmer,disciplined farmer,farmer,童年,原版Core,,,Construction2、Plants3、Intellectual-1、Mining2,
DisplacedNoble67,displaced noble,displaced noble,noble,童年,原版Core,,,Intellectual1、Shooting3、Crafting2,
DreadedBaby56,dreaded baby,dreaded baby,baby dude,童年,原版Core,,,Shooting1、Cooking3、Artistic3,
Dreamer79,dreamer,dreamer,dreamer,童年,原版Core,,,Melee2、Social4、Artistic3,
Drudge9,drudge,drudge,drudge,童年,原版Core,,,Construction2、Mining2、Crafting2,
DrugMule80,drug mule,drug mule,mule,童年,原版Core,,,Shooting2、Melee3,
DustyFarmHand75,dusty farm hand,dusty farm hand,farm hand,童年,原版Core,,,Plants2、Medicine1、Animals2,
Empath47,empath,empath,empath,童年,原版Core,,,Intellectual2、Artistic2,
EnergeticPopIdol61,energetic pop idol,energetic pop idol,pop idol,童年,原版Core,,,Intellectual-2、Melee3、Social2、Medicine-2、Artistic5,
ExiledPrince58,exiled prince,exiled prince,prince,童年,原版Core,,,Construction3、Artistic-2、Crafting2、Animals1,
FactoryDrone58,factory drone,factory drone,worker,童年,原版Core,,,Construction3、Intellectual-2、Crafting3,
FallenProdigy40,fallen prodigy,fallen prodigy,prodigy,童年,原版Core,,,Construction2、Plants2、Intellectual5、Medicine3、Crafting2,
FarmBoy64,farm boy,farm boy,farm boy,童年,原版Core,,,Plants2、Mining3、Melee4、Social-3、Cooking-2,
FarmHand2,farm hand,farm hand,farm hand,童年,原版Core,,,Construction2、Plants4、Intellectual-2、Melee2,
FarmKid60,farm kid,farm kid,farm kid,童年,原版Core,,,Plants3、Medicine2、Crafting2,
FarmMechanic1,farm mechanic,farm mechanic,mechanic,童年,原版Core,,,Construction4、Plants2,
FarmerBoy88,farmer boy,farmer boy,farmer,童年,原版Core,,,Construction1、Plants4、Mining1、Crafting2,
FarmersDaughter81,farmer's daughter,farmer's daughter,farm girl,童年,原版Core,,,Social-1、Cooking2、Artistic3、Crafting3,
FarmersSon20,farmer's son,farmer's son,farmer,童年,原版Core,,,Plants2、Social-3、Cooking1、Animals4,
FeralChild85,feral child,feral child,survivor,童年,原版Core,,,Plants2、Melee4、Crafting1,
FeralChild96,feral child,feral child,feral,童年,原版Core,,,Plants2、Melee4、Crafting1,
FeudalFarmBoy0,feudal farm boy,feudal farm boy,slave,童年,原版Core,,,Plants4、Social2,
FeudalLordling56,feudal lordling,feudal lordling,lordling,童年,原版Core,,,Melee4、Social3,
FireKeeper44,fire keeper,fire keeper,firekeep,童年,原版Core,,,Crafting2、Cooking2,
FireScarredChild1,fire-scarred child,fire-scarred child,scarred,童年,原版Core,,,Mining1、Melee1,
ForestChild83,forest child,forest child,forest kid,童年,原版Core,,,Melee2、Animals2,
FoundryApprentice76,foundry apprentice,foundry apprentice,foundryman,童年,原版Core,,,Construction3、Melee1、Artistic-2、Crafting3,
Freethinker38,freethinker,freethinker,thinker,童年,原版Core,,,Intellectual2、Shooting3、Social2、Artistic2,
FrightenedChild43,frightened child,frightened child,scared,童年,原版Core,,,Medicine3、Cooking3,
FrontierMarshal54,frontier marshal,frontier marshal,marshal,童年,原版Core,,,Shooting4、Melee3,
GNomeSculptor34,g-nome sculptor,g-nome sculptor,sculptor,童年,原版Core,,,Intellectual2、Social2、Artistic4、Crafting2,
GalacticPage37,galactic page,galactic page,page,童年,原版Core,,,Social6、Artistic2,
GameFanatic86,game fanatic,game fanatic,gamer,童年,原版Core,,,Intellectual3、Shooting3,
GangMember16,gang member,gang member,gang kid,童年,原版Core,,,Shooting3、Melee4、Medicine3,
GangMember83,gang member,gang member,ganger,童年,原版Core,,,Plants-2、Shooting2、Melee5,
GlitterworldKid85,glitterworld kid,glitterworld kid,glitterkid,童年,原版Core,,,Crafting2、Intellectual3、Social3、Plants-2、Melee-2,
GlitterworldNerd20,glitterworld nerd,glitterworld nerd,nerd,童年,原版Core,,,Intellectual5、Crafting2,
GlitterworldRoyal24,glitterworld royal,glitterworld royal,royalty,童年,原版Core,,,Social2、Cooking2、Artistic2,
GunKid30,gun kid,gun kid,gun kid,童年,原版Core,,,Shooting3、Melee3、Artistic-3,
Gymnast48,gymnast,gymnast,gymnast,童年,原版Core,,,Melee4、Social2,
HackerKid98,hacker kid,hacker kid,hacker,童年,原版Core,,,Construction3、Crafting3,
HackerProdigy84,hacker prodigy,hacker prodigy,hacker,童年,原版Core,,,Intellectual7、Medicine4,
HeadjackAddict4,headjack addict,headjack addict,headjacker,童年,原版Core,,,Plants-3、Intellectual4、Shooting2,
HelpDeskWorker31,help desk worker,help desk worker,help desk,童年,原版Core,,,Intellectual3,
Herder19,herder,herder,herder,童年,原版Core,,,Animals3、Melee3、Social-2,
HexCellArtist91,hex-cell artist,hex-cell artist,artist,童年,原版Core,,,Artistic3、Crafting2,
Hideaway7,hideaway,hideaway,hideaway,童年,原版Core,,,Intellectual3、Crafting3、Social-2,
HighBaroness37,high baroness,high baroness,noble,童年,原版Core,,,Intellectual2、Social7、Artistic2,
HillbillyProdigy60,hillbilly prodigy,hillbilly prodigy,hillbilly,童年,原版Core,,,Intellectual2、Melee2、Medicine2,
HistoryStudent12,history student,history student,student,童年,原版Core,,,Social2、Artistic4、Crafting1,
HunterScavenger64,hunter scavenger,hunter scavenger,scavenger,童年,原版Core,,,Social2、Cooking2、Medicine2、Artistic3,
IcePlanetChild95,ice planet child,ice planet child,ice child,童年,原版Core,,,Construction2、Intellectual4,
IceworldSurvivor75,iceworld survivor,iceworld survivor,iceborn,童年,原版Core,,,Construction3、Social1、Crafting1,
IdealisticCadet64,idealistic cadet,idealistic cadet,cadet,童年,原版Core,,,Shooting4、Melee3、Social-2,
ImperialStudent49,imperial student,imperial student,student,童年,原版Core,,,Plants2、Intellectual3、Shooting-3、Melee2,
IndustrialOrphan13,industrial orphan,industrial orphan,orphan,童年,原版Core,,,Crafting3、Mining3、Intellectual-2,
IndworldUrchin73,indworld urchin,indworld urchin,urchin,童年,原版Core,,,Construction1、Melee1、Crafting2,
Infantry99,infantry,infantry,infantry,童年,原版Core,,,Shooting2、Melee1、Social2,
JoywireAddict76,joywire addict,joywire addict,addict,童年,原版Core,,,Shooting4、Melee6、Social-3,
JungleKid35,jungle kid,jungle kid,jungle kid,童年,原版Core,,,Intellectual-2、Melee2、Cooking2、Animals4,
JunkyardMechanic51,junkyard mechanic,junkyard mechanic,mechanic,童年,原版Core,,,Construction2、Intellectual2、Social-3、Crafting4,
KidScientist53,kid scientist,kid scientist,scientist,童年,原版Core,,,Intellectual4、Medicine4、Artistic-3,
Killer41,killer,killer,killer,童年,原版Core,,,Melee4、Medicine2,
LabGrownChild22,lab-grown child,lab-grown child,lab-grown,童年,原版Core,,,Plants2、Intellectual2、Artistic2,
LaborCampOrphan91,labor camp orphan,labor camp orphan,orphan,童年,原版Core,,,Construction4、Mining4,
LogicalChild2,logical child,logical child,logic kid,童年,原版Core,,,Construction2、Intellectual2、Social-2、Crafting2,
MadScientist47,mad scientist,mad scientist,scientist,童年,原版Core,,,Intellectual4、Melee1、Social2,
MarineCadet73,marine cadet,marine cadet,cadet,童年,原版Core,,,Shooting3、Melee3,
MechanoidHacker93,mechanoid hacker,mechanoid hacker,mechacker,童年,原版Core,,,Construction3、Intellectual3、Social-3、Crafting3,
MechanoidNerd10,mechanoid nerd,mechanoid nerd,mechanerd,童年,原版Core,,,Construction2、Intellectual3、Social-2、Crafting2,
MedicalAssistant12,medical assistant,medical assistant,medic,童年,原版Core,,,Medicine5,
MedicalHelper27,medical helper,medical helper,med helper,童年,原版Core,,,Social2、Medicine4,
MedicalStudent38,medical student,medical student,student,童年,原版Core,,,Construction-2、Social3、Medicine3,
MedicalStudent96,medical student,medical student,student,童年,原版Core,,,Social1、Medicine6,
MedievalLordling19,medieval lordling,medieval lordling,lordling,童年,原版Core,,,Social4、Construction-1、Mining-1、Plants-1,
MedievalNomad12,medieval nomad,medieval nomad,nomad,童年,原版Core,,,Social2、Cooking2、Animals2,
MedievalPlower14,medieval plower,medieval plower,plower,童年,原版Core,,,Construction2、Plants5、Intellectual-1、Artistic-2,
MedievalSlave49,medieval slave,medieval slave,slave,童年,原版Core,,,Plants2、Construction2、Mining2、Intellectual-3,
MedievalSlave50,medieval slave,medieval slave,slave,童年,原版Core,,,Construction2、Plants3、Mining1、Cooking2、Artistic-2,
MedievalSquire5,medieval squire,medieval squire,squire,童年,原版Core,,,Construction-1、Mining-1、Shooting3、Melee5,
MedievalThief74,medieval thief,medieval thief,thief,童年,原版Core,,,Shooting-3、Melee4、Social-2、Crafting2,
MercenaryRecruit18,mercenary recruit,mercenary recruit,recruit,童年,原版Core,,,Shooting3、Crafting3,
MercenaryRecruit36,mercenary recruit,mercenary recruit,mercenary,童年,原版Core,,,Shooting3、Melee1、Crafting3,
MidworldCadet83,midworld cadet,midworld cadet,cadet,童年,原版Core,,,Intellectual3、Social3、Crafting2,
MidworldGeek18,midworld geek,midworld geek,geek,童年,原版Core,,,Intellectual6、Social-3,
MidworldLoner80,midworld loner,midworld loner,loner,童年,原版Core,,,Construction3、Shooting3、Social-2、Crafting5,
MidworldSketcher71,midworld sketcher,midworld sketcher,sketcher,童年,原版Core,,,Shooting2、Melee1、Artistic3,
MilitantChild49,militant child,militant child,soldier,童年,原版Core,,,Intellectual2、Shooting3、Melee3,
MilitaryCadet16,military cadet,military cadet,cadet,童年,原版Core,,,Plants-2、Mining2、Shooting3、Melee2、Medicine2、Animals-3,
MilitaryChild82,military child,military child,military,童年,原版Core,,,Construction2、Shooting3、Melee1、Medicine2、Artistic-3,
MilitaryRecruit49,military recruit,military recruit,recruit,童年,原版Core,,,Shooting4、Melee3,
MilitaryTrainee20,military trainee,military trainee,trainee,童年,原版Core,,,Shooting3、Melee2、Medicine2,
MonkeyChild67,Monkey child,Monkey child,Monkey kid,童年,原版Core,,,Plants6、Mining4、Social-3、Animals6,
MusicIdol50,music idol,music idol,music idol,童年,原版Core,,,Intellectual2、Mining-2、Melee-2、Social3、Artistic2,
MusicalKid14,Musical kid,Musical kid,Music kid,童年,原版Core,,,Social3、Artistic3,
MusicalKid86,musical kid,musical kid,musician,童年,原版Core,,,Social-2、Artistic5,
Mute34,mute,mute,mute,童年,原版Core,,,Animals5,
Naturalist14,naturalist,naturalist,naturalist,童年,原版Core,,,Plants3、Melee2、Cooking2,
NavyPathfinder53,navy pathfinder,navy pathfinder,pathfinder,童年,原版Core,,,Intellectual3、Shooting2、Social3、Cooking-2、Animals4,
Nerd92,nerd,nerd,nerd,童年,原版Core,,,Construction1、Intellectual4、Medicine2、Crafting2,
NewAgeDuelist27,new age duelist,new age duelist,duelist,童年,原版Core,,,Shooting-2、Melee4、Animals-2,
Newborn79,newborn,newborn,newborn,童年,原版Core,,,,
NobleWard61,noble ward,noble ward,ward,童年,原版Core,,,Intellectual4、Shooting-1、Melee-2、Social3,
OfficerCadet25,officer cadet,officer cadet,cadet,童年,原版Core,,,Plants1、Shooting3、Melee3、Social1、Medicine1,
OffworldRecruit91,offworld recruit,offworld recruit,recruit,童年,原版Core,,,Shooting2、Melee2、Medicine2,
OldMoneyHeir46,Old money heir,Old money heir,Heir,童年,原版Core,,,Intellectual3、Social4、Artistic2,
OptimisticChild30,optimistic child,optimistic child,optimistic,童年,原版Core,,,Social4,
OrganFarm67,organ farm,organ farm,organ farm,童年,原版Core,,,Medicine5,
Orphan11,orphan,orphan,orphan,童年,原版Core,,,Construction2、Cooking2、Crafting2,
Orphan15,orphan,orphan,orphan,童年,原版Core,,,Melee4、Medicine2,
Orphan25,orphan,orphan,orphan,童年,原版Core,,,Social6,
OrphanOfWar60,orphan of war,orphan of war,orphan,童年,原版Core,,,Construction3、Intellectual-3、Mining3、Cooking3,
OrphanedAcrobat84,orphaned acrobat,orphaned acrobat,acrobat,童年,原版Core,,,Melee2、Social3、Animals1,
OskarCustomChildhood,art slave,art slave,artist,童年,原版Core,,,Artistic4,
Pampered87,pampered,pampered,pampered,童年,原版Core,,,Intellectual2、Melee-3、Social3、Medicine3,
PetKeeper7,pet keeper,pet keeper,pet keeper,童年,原版Core,,,Medicine1、Animals6,
Philosopher82,philosopher,philosopher,thinker,童年,原版Core,,,Intellectual4、Social3,
Pickpocket61,pickpocket,pickpocket,thief,童年,原版Core,,,Intellectual-2、Melee3、Social-1、Crafting3,
Pickpocket82,pickpocket,pickpocket,pickpocket,童年,原版Core,,,Melee2、Social2、Artistic2,
PilotFan16,pilot fan,pilot fan,pilot fan,童年,原版Core,,,Intellectual3、Shooting3,
PitGladiator19,pit gladiator,pit gladiator,gladiator,童年,原版Core,,,Shooting4、Melee4,
PizzaLover94,pizza lover,pizza lover,pizza kid,童年,原版Core,,,Melee5、Cooking3,
PlagueChild44,plague child,plague child,child,童年,原版Core,,,Intellectual1、Social-3、Medicine5,
PlagueProdigy12,plague prodigy,plague prodigy,prodigy,童年,原版Core,,,Construction2、Intellectual4、Social-2,
PlagueSurvivor39,plague survivor,plague survivor,survivor,童年,原版Core,,,Social-2、Cooking2、Medicine3,
PoorKid18,poor kid,poor kid,poor kid,童年,原版Core,,,Melee4、Social1,
PowerMadScholar30,power-mad scholar,power-mad scholar,scholar,童年,原版Core,,,Construction2、Intellectual3、Social-3、Crafting3,
PrivilegedChild86,privileged child,privileged child,privileged,童年,原版Core,,,Social3,
PrivilegedProdigy70,privileged prodigy,privileged prodigy,prodigy,童年,原版Core,,,Intellectual2、Medicine1、Artistic2,
ProdigalStudent67,prodigal student,prodigal student,student,童年,原版Core,,,Intellectual3、Crafting2,
ProfessionalGamer76,professional gamer,professional gamer,pro gamer,童年,原版Core,,,Shooting4、Melee-3、Crafting2,
ProjectSubject99,project subject,project subject,subject,童年,原版Core,,,Shooting4、Melee4,
PsychologyStudent15,psychology student,psychology student,student,童年,原版Core,,,Social-3、Artistic4,
Punk30,punk,punk,punk,童年,原版Core,,,Intellectual-2、Social-2,
PyroAssistant82,pyro assistant,pyro assistant,assistant,童年,原版Core,,,Construction4、Medicine3,
Pyromaniac18,pyromaniac,pyromaniac,pyro,童年,原版Core,,,Social-3、Cooking-2、Artistic3,
QuietNerd97,quiet nerd,quiet nerd,nerd,童年,原版Core,,,Intellectual2、Social-2、Artistic1、Crafting2,
RangerChild57,ranger child,ranger child,ranger kid,童年,原版Core,,,Mining-2、Shooting2、Cooking2、Animals4,
ReEducatedYouth23,re-educated youth,re-educated youth,reeducated,童年,原版Core,,,Social2,
RebelChild8,rebel child,rebel child,rebel,童年,原版Core,,,Melee2、Social3,
RebelSlave14,rebel slave,rebel slave,rebel,童年,原版Core,,,Construction1、Plants1、Intellectual-2、Shooting2、Social2、Crafting2,
RebelStudent14,rebel student,rebel student,student,童年,原版Core,,,Intellectual3、Shooting2,
RebelWriter82,rebel writer,rebel writer,writer,童年,原版Core,,,Intellectual7,
RebelliousStudent74,rebellious student,rebellious student,student,童年,原版Core,,,Intellectual2、Melee4、Social-3、Artistic2,
ReclusiveChild81,reclusive child,reclusive child,reclusive,童年,原版Core,,,Melee4、Crafting3,
ReclusiveProdigy96,reclusive prodigy,reclusive prodigy,prodigy,童年,原版Core,,,Intellectual4、Medicine4,
RichBoy9,rich boy,rich boy,rich boy,童年,原版Core,,,Melee3、Artistic3,
RitualChild20,ritual child,ritual child,sacrifice,童年,原版Core,,,Intellectual-3、Melee3、Crafting3、Animals4,
Scavenger22,scavenger,scavenger,scavenger,童年,原版Core,,,Mining3、Intellectual3,
Scavenger62,scavenger,scavenger,scavenger,童年,原版Core,,,Shooting2、Melee2、Social-2、Cooking2,
SchoolyardOutcast11,schoolyard outcast,schoolyard outcast,outcast,童年,原版Core,,,Intellectual2、Melee2、Social-3、Artistic2,
ScienceProdigy65,science prodigy,science prodigy,prodigy,童年,原版Core,,,Intellectual3、Medicine3、Artistic2,
Scout44,scout,scout,scout,童年,原版Core,,,Shooting3、Crafting2、Construction1,
Scout6,scout,scout,scout,童年,原版Core,,,Construction1、Shooting3、Crafting2,
Scrounger25,scrounger,scrounger,scrounger,童年,原版Core,,,Mining2、Social-2、Crafting2,
SentimentalChild55,sentimental child,sentimental child,nice kid,童年,原版Core,,,Social4,
SewerKid57,sewer kid,sewer kid,sewer boy,童年,原版Core,,,Cooking2,
ShelterChild50,shelter child,shelter child,shelterkid,童年,原版Core,,,Intellectual3、Medicine3、Social2、Construction-2、Mining-2,
ShipChild46,ship child,ship child,ship child,童年,原版Core,,,Melee-3、Social-3、Artistic4、Crafting4,
ShipTechnician0,ship technician,ship technician,technician,童年,原版Core,,,Construction3、Plants-3、Intellectual3、Crafting3,
ShootingComa59,shooting coma,shooting coma,coma child,童年,原版Core,,,Shooting8,
ShopKid36,shop kid,shop kid,shopkid,童年,原版Core,,,Social4、Intellectual2,
ShunnedGirl30,shunned girl,shunned girl,shunned,童年,原版Core,,,Shooting2、Social-2,
SicklyChild55,sickly child,sickly child,patient,童年,原版Core,,,Intellectual4、Medicine5、Melee-2、Social-2、Construction-2,
SicklyLiar3,sickly liar,sickly liar,liar,童年,原版Core,,,Construction-2、Shooting-2、Melee-2、Social6,
SlaveFarmer99,slave farmer,slave farmer,slave,童年,原版Core,,,Plants4,
SmallTownKid41,small town kid,small town kid,town kid,童年,原版Core,,,Construction-3、Plants3、Mining-3、Cooking3、Medicine3、Animals3,
SocialPariah3,social pariah,social pariah,pariah,童年,原版Core,,,Crafting2、Animals2,
SoldierExperiment50,soldier experiment,soldier experiment,experiment,童年,原版Core,,,Shooting3、Melee3、Social-3、Medicine2,
SoleSurvivor21,sole survivor,sole survivor,survivor,童年,原版Core,,,Plants3、Cooking3,
SoleSurvivor63,sole survivor,sole survivor,survivor,童年,原版Core,,,Plants2、Shooting2、Crafting2,
SonOfAHuntress75,son of a huntress,son of a huntress,hunter,童年,原版Core,,,Shooting2、Melee2、Cooking2、Medicine1、Crafting1,
SpaceCadet77,space cadet,space cadet,cadet,童年,原版Core,,,Shooting4、Melee2,
SpaceFanboy22,space fanboy,space fanboy,fanboy,童年,原版Core,,,Intellectual2、Crafting3,
SpaceNerd97,space nerd,space nerd,space nerd,童年,原版Core,,,Intellectual4、Social-3、Cooking2、Crafting2,
SpaceSmuggler6,space smuggler,space smuggler,smuggler,童年,原版Core,,,Plants-2、Intellectual-2、Shooting3、Melee3、Social3、Medicine2、Artistic-2,
SpacerOrphan77,spacer orphan,spacer orphan,orphan,童年,原版Core,,,Shooting2、Melee4、Crafting2,
SpaceyachtPilot89,spaceyacht pilot,spaceyacht pilot,pilot,童年,原版Core,,,Melee2、Social4,
SpeederRacer71,speeder racer,speeder racer,racer,童年,原版Core,,,Shooting3、Social3,
SpoiledBrat59,spoiled brat,spoiled brat,brat,童年,原版Core,,,Medicine2,
SpoiledChild33,spoiled child,spoiled child,spoiled,童年,原版Core,,,Construction-2、Plants2、Mining-2、Social2、Cooking2、Artistic2,
SpoiledChild80,spoiled child,spoiled child,spoiled,童年,原版Core,,,Intellectual3、Artistic2、Animals3,
Stableboy49,stableboy,stableboy,stableboy,童年,原版Core,,,Mining2、Melee2、Artistic2、Crafting1,
StarSquire9,star squire,star squire,squire,童年,原版Core,,,Shooting2、Melee3,
StarforceCadet79,starforce cadet,starforce cadet,cadet,童年,原版Core,,,Intellectual2、Mining-3、Social2、Medicine1,
StationWhelp94,station whelp,station whelp,whelp,童年,原版Core,,,Shooting3、Melee5,
SteamworldTinker38,steamworld tinker,steamworld tinker,tinker,童年,原版Core,,,Construction4、Social-3、Crafting3,
StewardsAssisant28,Steward's assistant,Steward's assistant,Steward,童年,原版Core,,,Melee5、Cooking5、Artistic-2,
StoryWriter67,story writer,story writer,writer,童年,原版Core,,,Artistic4、Intellectual3,
Straggler71,straggler,straggler,straggler,童年,原版Core,,,Intellectual-3、Melee2、Artistic2、Crafting2,
StreetChild4,street child,street child,street,童年,原版Core,,,Social3,
StreetKid19,street kid,street kid,street kid,童年,原版Core,,,Melee3、Social3,
StreetPeddler66,street peddler,street peddler,peddler,童年,原版Core,,,Melee2、Social3、Crafting2,
StreetUrchin45,street urchin,street urchin,street rat,童年,原版Core,,,Construction2、Intellectual-2、Mining2、Melee3,
StreetUrchin53,street urchin,street urchin,urchin,童年,原版Core,,,Shooting3、Melee3,
StreetUrchin74,street urchin,street urchin,grifter,童年,原版Core,,,Construction2、Plants-2、Shooting2、Melee3、Social2,
Student65,student,student,student,童年,原版Core,,,Intellectual3、Mining-2、Social2、Medicine3,
StudentEngineer34,student engineer,student engineer,engineer,童年,原版Core,,,Construction2、Intellectual4、Mining-2、Cooking-2、Artistic-2、Crafting4,
StudentSocialite89,student socialite,student socialite,socialite,童年,原版Core,,,Social6,
SuperSoldier99,super soldier,super soldier,soldier,童年,原版Core,,,Plants-3、Shooting3、Melee3、Medicine2,
TechEnthusiast28,tech enthusiast,tech enthusiast,tech nerd,童年,原版Core,,,Intellectual4、Shooting4、Social-3,
TechHead8,tech-head,tech-head,tech-head,童年,原版Core,,,Plants2、Intellectual6、Social-1,
TechScholar75,farm kid,farm kid,farm kid,童年,原版Core,,,Plants3、Shooting3、Animals1,
TechnicalKid1,technical kid,technical kid,tech kid,童年,原版Core,,,Construction2、Medicine3、Crafting2、Animals2,
TestSubject15,test subject,test subject,testee,童年,原版Core,,,Shooting4,
TestSubject82,test subject,test subject,subject,童年,原版Core,,,Intellectual2、Melee2、Cooking1,
Tinkerer11,tinkerer,tinkerer,tinkerer,童年,原版Core,,,Intellectual3、Melee-2、Crafting3,
Tinkerer79,tinkerer,tinkerer,tinkerer,童年,原版Core,,,Construction2、Crafting4,
ToxicChild96,toxic child,toxic child,toxic,童年,原版Core,,,Construction3、Crafting3,
TradersChild62,traders' child,traders' child,trader,童年,原版Core,,,Construction-2、Plants-1、Social1、Crafting1,
TragicLoner87,tragic loner,tragic loner,loner,童年,原版Core,,,Intellectual4、Artistic-2、Animals2,
TraineeAlchemist64,trainee alchemist,trainee alchemist,alchemist,童年,原版Core,,,Intellectual3、Cooking4、Medicine3,
TransferStudent10,transfer student,transfer student,student,童年,原版Core,,,Intellectual3、Social2,
TraumatizedYouth87,traumatized youth,traumatized youth,trauma,童年,原版Core,,,Melee2、Medicine4,
TribalThunderer45,tribal thunderer,tribal thunderer,thunderer,童年,原版Core,,,Shooting5、Medicine2,
TribeChild19,tribe child,tribe child,tribal,童年,原版Core,,,,
TribeChild40,tribe child,tribe child,tribal,童年,原版Core,,,Plants2、Melee2、Shooting2、Intellectual-3,
TurtleHerder41,turtle herder,turtle herder,herder,童年,原版Core,,,Shooting2、Social1、Artistic-2、Animals5,
UpperUrbworlder12,upper urbworlder,upper urbworlder,high urber,童年,原版Core,,,Construction-3、Intellectual3、Artistic2、Crafting-3,
UrbworldArmyBrat84,urbworld army brat,urbworld army brat,army brat,童年,原版Core,,,Construction3、Plants-3、Shooting3、Crafting2,
UrbworldChild56,urbworld child,urbworld child,urbkid,童年,原版Core,,,Plants1、Intellectual1、Shooting3、Artistic1、Crafting1,
UrbworldCriminal6,urbworld criminal,urbworld criminal,criminal,童年,原版Core,,,Shooting2、Melee3、Medicine1,
UrbworldHooligan12,urbworld hooligan,urbworld hooligan,hooligan,童年,原版Core,,,Shooting2、Melee3、Cooking-3,
UrbworldUrchin6,urbworld urchin,urbworld urchin,urchin,童年,原版Core,,,Melee4、Social-2、Crafting2,
UrbworldUrchin61,urbworld urchin,urbworld urchin,urchin,童年,原版Core,,,Melee4、Shooting2,
UrbworldUrchin90,urbworld urchin,urbworld urchin,urchin,童年,原版Core,,,Mining4、Melee2,
VRAddict29,VR addict,VR addict,VR addict,童年,原版Core,,,Intellectual2、Shooting1、Melee1、Artistic1、Crafting1,
VatgrownAssassin20,vatgrown assassin,vatgrown assassin,clone,童年,原版Core,,,Construction2、Shooting4、Melee1,
VatgrownChild11,vatgrown child,vatgrown child,child,童年,原版Core,,,,
VatgrownMedic53,vatgrown medic,vatgrown medic,medic,童年,原版Core,,,Shooting3、Medicine3,
VatgrownScientist91,vatgrown scientist,vatgrown scientist,scientist,童年,原版Core,,,Intellectual5、Medicine2,
VatgrownSlavegirl8,vatgrown slavegirl,vatgrown slavegirl,slave girl,童年,原版Core,,,Cooking5、Artistic-2,
VatgrownSoldier8,vatgrown soldier,vatgrown soldier,vatgrown,童年,原版Core,,,Melee4、Shooting4,
VengefulChild43,vengeful child,vengeful child,vengeful,童年,原版Core,,,Melee3、Shooting3,
VideoGamer16,video gamer,video gamer,gamer,童年,原版Core,,,Intellectual3、Shooting2、Melee1,
VideoGamer55,video gamer,video gamer,gamer,童年,原版Core,,,Intellectual3、Social3,
VidtubeStar98,vidtube star,vidtube star,vidtuber,童年,原版Core,,,Social2、Cooking2、Artistic2、Crafting1,
VoyagerChild94,voyager child,voyager child,voyager,童年,原版Core,,,Intellectual4,
WarChild24,war child,war child,war child,童年,原版Core,,,Shooting5、Melee3,
WarRefugee51,war refugee,war refugee,refugee,童年,原版Core,,,Cooking2、Crafting2,
WarRefugee96,war refugee,war refugee,refugee,童年,原版Core,,,Intellectual5、Shooting6、Melee5、Cooking-3,
WastelandWanderer81,wasteland wanderer,wasteland wanderer,wanderer,童年,原版Core,,,Shooting3、Social3、Medicine5、Crafting4,
WealthyStudent59,wealthy student,wealthy student,student,童年,原版Core,,,Construction2、Plants-2、Intellectual4、Mining-2、Cooking-2、Crafting3,
WildChild5,wild child,wild child,wild child,童年,原版Core,,,Shooting4、Melee6、Social-2、Cooking-3,
Winerunner8,winerunner,winerunner,winerunner,童年,原版Core,,,Melee2、Social2、Cooking2、Crafting2,
WolfPackMember26,wolf pack member,wolf pack member,feral,童年,原版Core,,,Melee8、Social-3,
WorkCampSlave37,work camp slave,work camp slave,slave,童年,原版Core,,,Construction2、Plants2、Mining2、Social-2,
WorldSlider42,world slider,world slider,slider,童年,原版Core,,,Construction-2、Plants-2、Melee3、Medicine4,
WreckageExplorer93,wreckage explorer,wreckage explorer,explorer,童年,原版Core,,,Animals3、Intellectual3,
YoungMaster23,young master,young master,master,童年,原版Core,,,Intellectual2、Shooting1、Melee2、Social2,
YoungPirate71,young pirate,young pirate,pirate,童年,原版Core,,,Shooting2、Social2、Crafting2,
YoungPsychologist58,young psychologist,young psychologist,psych,童年,原版Core,,,Social4、Medicine2,
YouthDelinquent30,youth delinquent,youth delinquent,delinquent,童年,原版Core,,,Shooting3、Melee1、Social-1、Crafting4,
YouthSoldier99,youth soldier,youth soldier,soldier,童年,原版Core,,,Construction2、Shooting2、Melee2,
Artilleryman28,炮兵,artilleryman,artilleer,成年,原版Royalty,,,Shooting6、Melee1,
ArtsPatron54,艺术赞助人,arts patron,patron,成年,原版Royalty,,,Social5、Artistic5,
Assembler69,装配工,assembler,assembler,成年,原版Royalty,,,Crafting7,
BalletDancer81,芭蕾舞者,ballet dancer,dancer,成年,原版Royalty,,,Social3、Melee3,
Beastmaster67,驯兽师,beastmaster,beastmaster,成年,原版Royalty,,,Animals8,
BrokenSoldier29,破碎的士兵,broken soldier,soldier,成年,原版Royalty,,,Artistic2,
Builder96,建造者,builder,builder,成年,原版Royalty,,,Construction7,
ChurchPsychic98,教堂灵能者,church psychic,psychic,成年,原版Royalty,,,Social3、Intellectual5,
CorporateDrone10,企业劳工,corporate drone,drone,成年,原版Royalty,,,Social2、Intellectual4,
CorporateFixer36,企业问题解决者,corporate fixer,fixer,成年,原版Royalty,,,Social4、Shooting3、Melee3,
Demolitionist39,爆破专家,demolitionist,demolitionist,成年,原版Royalty,,,Shooting4、Crafting4,
Deserter65,逃兵,deserter,deserter,成年,原版Royalty,,,Shooting4、Melee2、Crafting2,
DisgracedOfficer19,蒙羞的军官,disgraced officer,officer,成年,原版Royalty,,,Social4、Shooting5,
Firebomber51,火焰轰炸手,firebomber,firebomber,成年,原版Royalty,,,Shooting3、Cooking3、Medicine2,
HeadButler50,首席管家,head butler,butler,成年,原版Royalty,,,Social4、Cooking3、Crafting2,
HouseServant86,家仆,house servant,servant,成年,原版Royalty,,,Cooking3、Construction3、Mining4,
ImperialInquisitor53,帝国审判官,imperial inquisitor,inquisitor,成年,原版Royalty,,,Social4、Intellectual4,
ImperialPriest24,帝国祭司,imperial priest,priest,成年,原版Royalty,,,Social5、Intellectual5,
InfantryEngineer46,步兵工程师,infantry engineer,engineer,成年,原版Royalty,,,Construction6、Mining4,
InfantryMedic6,步兵医护兵,infantry medic,medic,成年,原版Royalty,,,Medicine7,
InfantryOfficer49,步兵军官,infantry officer,officer,成年,原版Royalty,,,Social4、Shooting5,
IntelligenceAgent21,情报特工,intelligence agent,intel,成年,原版Royalty,,,Intellectual6、Social3,
Landworker98,田产管家,landworker,landworker,成年,原版Royalty,,,Plants6、Mining6,
LineInfanteer20,列兵步兵,line infanteer,infanteer,成年,原版Royalty,,,Shooting4、Melee3,
LoyalJanissary59,忠诚的耶尼切里,loyal janissary,janissary,成年,原版Royalty,,,Shooting7、Melee4,
Mailman2,邮递员,mailman,mailman,成年,原版Royalty,,,Melee4,
MenagerieKeeper1,珍兽管理员,menagerie keeper,zookeeper,成年,原版Royalty,,,Animals8,
MilitaryChaplain10,军事牧师,military chaplain,chaplain,成年,原版Royalty,,,Medicine6、Intellectual2,
MilitaryCommissar71,军事政委,military commissar,commissar,成年,原版Royalty,,,Shooting3、Social6,
MilitaryCook18,军队厨师,military cook,army cook,成年,原版Royalty,,,Cooking7、Shooting2,
OrnamentMaker56,饰品匠,ornament maker,ornamenter,成年,原版Royalty,,,Crafting5、Artistic5,
PiousSoldier67,虔诚士兵,pious soldier,pious soldier,成年,原版Royalty,,,Shooting6、Melee4,
PlanetaryMiner64,行星矿工,planetary miner,miner,成年,原版Royalty,,,Mining8,
Propagandist86,宣传员,propagandist,propagandist,成年,原版Royalty,,,Artistic6、Social2,
ReconSniper89,侦察狙击手,recon sniper,sniper,成年,原版Royalty,,,Shooting9,
Regent9,摄政王,regent,regent,成年,原版Royalty,,,Social5、Intellectual4,
RoyalCook18,皇家厨师,royal cook,cook,成年,原版Royalty,,,Cooking7、Plants2,
RoyalGuard51,皇家守卫,royal guard,guard,成年,原版Royalty,,,Shooting4、Melee3、Social3,
RoyalMasseuse43,皇家按摩师,royal masseuse,masseuse,成年,原版Royalty,,,Social6,
Shipcracker37,破舰者,shipcracker,shipcracker,成年,原版Royalty,,,Shooting3、Melee5、Mining4,
Spymaster41,间谍大师,spymaster,spymaster,成年,原版Royalty,,,Social4、Shooting3、Melee3,
Warmaster54,战争领主,warmaster,warmaster,成年,原版Royalty,,,Shooting2、Melee2、Social4、Intellectual4,
Warmonger35,好战分子,warmonger,warmonger,成年,原版Royalty,,,Shooting7、Melee4、Social-3,
CountryLordling92,乡间小领主,country lordling,field lord,童年,原版Royalty,,,Plants2、Animals3、Social1,
Delinquent13,少年犯,delinquent,delinquent,童年,原版Royalty,,,Shooting1、Melee4,
Machinist56,机械师,machinist,machinist,童年,原版Royalty,,,Crafting3、Intellectual2、Shooting1,
MilitaryCadet46,军事学员,military cadet,cadet,童年,原版Royalty,,,Shooting4、Melee3,
PamperedLordling37,娇生惯养的小领主,pampered lordling,pampered,童年,原版Royalty,,,Social2,
PoliticalCaptive7,政治囚犯,political captive,captive,童年,原版Royalty,,,Melee3、Intellectual3,
RichKid61,富家子弟,rich kid,rich kid,童年,原版Royalty,,,Melee2、Shooting2、Intellectual2,
RoyalBastard64,王室私生子,royal bastard,bastard,童年,原版Royalty,,,Social2、Artistic2,
ServingBoy97,男侍从,serving boy,house boy,童年,原版Royalty,,,Cooking2、Construction1,
ShipBoy89,舰童,ship boy,ship boy,童年,原版Royalty,,,Crafting6,
ShipboundLordling12,星舰小领主,shipbound lordling,ship lord,童年,原版Royalty,,,Shooting2、Construction2,
SoldiersKid55,军人之子,soldier's kid,soldier kid,童年,原版Royalty,,,Shooting4、Melee2,
StreetRat81,街头流浪儿,street rat,street rat,童年,原版Royalty,,,Melee5、Intellectual-1,
UnwantedSurvivor67,不受欢迎的幸存者,unwanted survivor,survivor,童年,原版Royalty,,,Melee3、Shooting2、Cooking2、Medicine2,
UrbanLordling82,城市贵族少年,urban lordling,city lord,童年,原版Royalty,,,Construction3、Social2,
WarBastard60,战争私生子,war bastard,bastard,童年,原版Royalty,,,Animals3,
Ratkin_Agriculturist,鼠族农业学家,Ratkin Agriculturist,Agriculturist,成年,鼠族,,,Mining-2、Plants4、Intellectual4,
Ratkin_Ambassador,鼠族大使,Ratkin Ambassador,Ambassador,成年,鼠族,,,Social4、Artistic2,
Ratkin_ArmySurgeon,鼠族军医,Ratkin Army Surgeon,Army Surgeon,成年,鼠族,,,Shooting2、Melee2、Medicine4、Intellectual2,
Ratkin_Assistant,鼠族研究助理,Ratkin Assistant,Assistant,成年,鼠族,,,Melee-2、Medicine2、Crafting2、Intellectual4,
Ratkin_Blacksmith,鼠族铁匠,Ratkin Blacksmith,Blacksmith,成年,鼠族,,,Animals-2、Mining2、Crafting6,
Ratkin_Butcher,鼠族屠夫,Ratkin Butcher,Butcher,成年,鼠族,,,Melee2、Animals-4、Medicine2、Cooking2,
Ratkin_CaravanMerchant,鼠族商队领袖,Ratkin Caravan Merchant,Caravan Merchant,成年,鼠族,,,Social4、Cooking2、Plants2、Artistic3,
Ratkin_Chef,鼠族厨师,Ratkin Chef,Chef,成年,鼠族,,,Shooting-2、Melee2、Animals-2、Cooking6、Plants2,
Ratkin_CityMaid,鼠族城市女仆,Ratkin City Maid,City Maid,成年,鼠族,Beauty,,Social2、Cooking2、Plants2,
Ratkin_CityMerchant,鼠族城镇商人,Ratkin City Merchant,City Merchant,成年,鼠族,,,Social3、Crafting4,
Ratkin_Civil,鼠族公民,Ratkin Civil,Civil,成年,鼠族,,,Social2、Cooking2、Construction2、Crafting2,
Ratkin_ConstructionWorker,鼠族建筑工,Ratkin Construction Worker,Construction Worker,成年,鼠族,,,Shooting-2、Animals-2、Construction6、Mining2,
Ratkin_Demoman,鼠族恶魔,Ratkin Demoman,Demoman,成年,鼠族,Psychopath、Pyromaniac,,Melee4、Mining4,
Ratkin_Doctor,鼠族御医,Ratkin Doctor,Doctor,成年,鼠族,,,Medicine6、Intellectual2,
Ratkin_Engineer,鼠族工程师,Ratkin Engineer,Engineer,成年,鼠族,,,Cooking-2、Construction4、Crafting6,
Ratkin_Explorer,鼠族探险家,Ratkin Explorer,Explorer,成年,鼠族,,,Shooting2、Melee2、Animals2、Cooking2、Plants2,
Ratkin_Farmer,鼠族农民,Ratkin Farmer,Farmer,成年,鼠族,,,Animals2、Cooking2、Plants6、Intellectual-4,
Ratkin_Guardener,鼠族卫花使,Ratkin Guardener,Guardener,成年,鼠族,Nimble:50,,Shooting2、Melee6、Plants4,
Ratkin_HandMaiden,鼠族侍从,Ratkin HandMaiden,HandMaiden,成年,鼠族,,,Melee3、Animals-4、Medicine2、Cooking2、Construction-2、Plants2、Crafting2,
Ratkin_Hunter,鼠族野兽猎人,Ratkin Hunter,Hunter,成年,鼠族,,,Shooting4、Melee3,
Ratkin_Idol,鼠族偶像,Ratkin Idol,Idol,成年,鼠族,Beauty,,Social6,
Ratkin_Knight,鼠族骑士,Ratkin Knight,knight,成年,鼠族,Brawler:0.3、粗暴、SpeedOffset:0.2、SpeedOffset:0.2,,Melee8,
Ratkin_KnightCommander,鼠族骑士长,Ratkin Knight commander,commander,成年,鼠族,信念坚定、粗暴,Wimp,Melee6,
Ratkin_Librarian,鼠族图书管理员,Ratkin Librarian,Librarian,成年,鼠族,,,Medicine2、Mining-2、Artistic2、Intellectual4,
Ratkin_Miner,鼠族矿工,Ratkin Miner,Miner,成年,鼠族,,,Plants2、Mining6、Intellectual-2,
Ratkin_Murderer,鼠族杀手,Ratkin Murderer,Murderer,成年,鼠族,Psychopath、Nimble,,Melee6、Cooking2,
Ratkin_Noble,鼠族贵族,Ratkin Noble,Noble,成年,鼠族,,,Shooting2、Social3、Artistic4,
Ratkin_RatkinHunter,鼠族反乱猎人,RatkinHunter,RatkinHunter,成年,鼠族,,,Shooting4、Melee4、Mining2、Crafting2,
Ratkin_Rich,鼠族富豪,Ratkin Rich,Rich,成年,鼠族,,,Social4、Artistic4,
Ratkin_Scientist,鼠族科学家,Ratkin Scientist,Scientist,成年,鼠族,,,Shooting-4、Melee-4、Medicine2、Intellectual8,
Ratkin_Shepherd,鼠族牧民,Ratkin Shepherd,Shepherd,成年,鼠族,,,Animals6、Medicine2,
Ratkin_Shooter,鼠族射手,Ratkin Shooter,Shooter,成年,鼠族,,,Shooting6、Melee-2、Medicine2,
Ratkin_Sister,鼠族修女,Ratkin Sister,Sister,成年,鼠族,Beauty、信念坚定,,Social4、Medicine4,
Ratkin_Soldier,鼠族士兵,Ratkin Soldier,Soldier,成年,鼠族,,,Shooting3、Melee3、Social-3,
Ratkin_Subject,鼠族实验体,Ratkin Subject,Subject,成年,鼠族,,,Shooting4、Melee4,
Ratkin_Teacher,鼠族乡村教师,Ratkin Teacher,Teacher,成年,鼠族,,,Social2、Crafting2、Intellectual2,
Ratkin_Thief,鼠族盗贼,Ratkin Thief,Thief,成年,鼠族,,,Melee4,
Ratkin_Vagabond,鼠族漂泊者,Ratkin Vagabond,Vagabond,成年,鼠族,,,Shooting4、Melee4、Medicine4,
Ratkin_Wanderer,鼠族漂泊者,Ratkin Wanderer,Wanderer,成年,鼠族,,,Shooting2、Melee4、Cooking2,
Ratkin_Bastard,鼠族私生子,Ratkin bastard,bastard,童年,鼠族,,,Shooting1、Melee3、Intellectual1,
Ratkin_ChefStudent,鼠族厨师学徒,Ratkin Chef Student,Chef Student,童年,鼠族,,,Melee2、Animals-2、Cooking2,
Ratkin_CityKid,鼠族城市儿童,Ratkin City Kid,City Kid,童年,鼠族,,,Melee-1、Animals-3、Construction2、Crafting2、Intellectual2,
Ratkin_CountryKid,鼠族农夫之子,Ratkin country kid,country kid,童年,鼠族,,,Melee1、Cooking1、Plants2,
Ratkin_GoldenSpoon,鼠族富二代,Ratkin golden spoon,golden spoon,童年,鼠族,,,Social2、Cooking-2、Artistic4,
Ratkin_GuardenerStudent,鼠族见习卫花使,Ratkin Guardener Student,Guardener Student,童年,鼠族,,,Melee4、Plants2、Mining-4,
Ratkin_HumanAssistant,鼠族人类助理,Ratkin Human Assistant,Human Assistant,童年,鼠族,,,Shooting-2、Melee-1、Medicine2、Plants1、Intellectual1,
Ratkin_Kid,鼠族儿童,Ratkin Kid,Kid,童年,鼠族,,,Shooting-1、Cooking2、Construction1、Plants1、Crafting2,
Ratkin_LaboratoryRats,鼠族实验体,Ratkin Specimen,Ratkin Specimen,童年,鼠族,,,Shooting4、Melee4、Medicine2,
Ratkin_LandRat,鼠族地鼠,Ratkin land rat,land rat,童年,鼠族,Undergrounder:50,,Shooting-2、Melee1、Social-3、Plants2、Mining3,
Ratkin_LittleLibrarian,鼠族小书虫,Ratkin little librarian,little librarian,童年,鼠族,,,Shooting-3、Melee-2、Medicine1、Construction1、Mining-4、Artistic2、Crafting2、Intellectual3,
Ratkin_MerchantKid,鼠族商人之子,Ratkin Merchant Kid,Merchant Kid,童年,鼠族,,,Shooting-1、Melee-2、Social3、Cooking1,
Ratkin_OfficerChild,鼠族军官之子,Ratkin Officer Child,Officer Child,童年,鼠族,,,Shooting2、Melee3、Social1,
Ratkin_Orphan,鼠族孤儿,Ratkin orphan,orphan,童年,鼠族,,,Melee4、Cooking2、Crafting2、Intellectual-3,
Ratkin_PettyTheft,鼠族小毛贼,Ratkin Petty Theft,Petty Theft,童年,鼠族,,,Shooting2、Melee2、Social2、Animals-4、Medicine-2、Cooking2、Crafting2、Intellectual-4,
Ratkin_RomanyKid,鼠族流浪儿,Ratkin Romany Kid,Romany Kid,童年,鼠族,,,Animals1、Cooking1、Plants1、Artistic1、Crafting2,
Ratkin_ServentChild,鼠族侍从之子,Ratkin Servent Child,Servent Child,童年,鼠族,,,Shooting-1、Melee2、Cooking1、Plants1、Crafting1,
Ratkin_ShepherdBoy,鼠族牧童,Ratkin shepherd boy,shepherd boy,童年,鼠族,,,Melee1、Animals2、Cooking1、Plants2、Artistic-2、Intellectual-2,
Ratkin_SlaveKid,鼠族奴隶儿童,Ratkin Slave Kid,Slave Kid,童年,鼠族,,,Melee3、Artistic-4、Mining3、Construction3、Crafting2,
Ratkin_Student,鼠族学生,Ratkin student,student,童年,鼠族,,,Shooting-2、Melee-2、Social1、Plants1、Medicine1、Crafting1、Intellectual2,
Ratkin_Successor,鼠族继承人,Ratkin heir,Heir,童年,鼠族,,,Shooting3、Melee1、Social1,
Ratkin_WildChild,鼠族野孩子,Ratkin wild born,wild born,童年,鼠族,,,Melee2、Animals3、Plants2、Mining2,
RatkinSniperInstructor,鼠族狙击教官,Ratkin Sniper Instructor,Sniper Instructor,成年,鼠族扩展,致命射手,,Shooting11、Melee4、Social-5,
Ratkin_AirMarine,鼠族空军陆战队队员,Ratkin Air Marine,Air Marine,成年,鼠族扩展,致命射手、SpeedOffset:75,,Shooting8、Melee8,
Ratkin_AirshipCrew,鼠族飞艇艇员,Ratkin Airship Crew,Airship Crew,成年,鼠族扩展,,,Melee2、Shooting2、Crafting4、Construction3,
Ratkin_AmateurNovelist,鼠族业余小说家,Ratkin Amateur Novelist,Amateur Novelist,成年,鼠族扩展,,,Artistic4、Mining-3、Cooking6、Social-2、Plants-2,
Ratkin_AnomalyInvestigateAgent,鼠族异常调查特工,Ratkin Anomaly Investigate Agent,Anomaly Investigate Agent,成年,鼠族扩展,Nerves:30,,Shooting5、Melee6、Crafting2、Construction1、Intellectual-3、Social-1、Artistic-7、Medicine3,
Ratkin_AnomalyResearcher,鼠族异常研究员,Ratkin Anomaly Researcher,Anomaly Researcher,成年,鼠族扩展,Nerves:66,,Crafting-1、Intellectual6、Social-3、Medicine4,
Ratkin_AnomalySurveyor,鼠族异常勘察员,Ratkin Anomaly Surveyor,Anomaly Surveyor,成年,鼠族扩展,Nerves:99,,Melee2、Crafting1、Construction-2、Plants-2、Animals-3、Medicine1,
Ratkin_Archaeologist,鼠族考古学家,Ratkin Archaeologist,Archaeologist,成年,鼠族扩展,Nerves:70,,Crafting2、Construction2、Cooking2、Intellectual5、Social3,
Ratkin_Avenger,鼠族复仇者,Ratkin Avenger,Avenger,成年,鼠族扩展,DrugDesire:100、NaturalMood:80,,Melee6、Shooting4,
Ratkin_BankManager,鼠族银行经理,Ratkin Bank Manager,Bank Manager,成年,鼠族扩展,NaturalMood:100,,Social5、Intellectual2、Artistic2,
Ratkin_Barber,鼠族理发师,Ratkin Barber,Barber,成年,鼠族扩展,,,Crafting3、Artistic1,
Ratkin_BarefootDoctor,鼠族赤脚医生,Ratkin Barefoot Doctor,Barefoot Doctor,成年,鼠族扩展,,,Medicine4、Plants4、Crafting3、Cooking3,
Ratkin_Biologist,鼠族生物老姐,Ratkin Biologist,Biologist,成年,鼠族扩展,Nerves:85,,Crafting5、Medicine6、Intellectual7,
Ratkin_BistroOwner,鼠族苍蝇馆子老板,Ratkin Bistro Owner,Bistro Owner,成年,鼠族扩展,,,Shooting-5、Melee1、Crafting1、Construction1、Plants3、Animals3、Cooking6、Mining-4、Intellectual-2、Social2、Artistic-3、Medicine-3,
Ratkin_BlackMarketeer,鼠族黑市商贩,Ratkin Black Marketeer,Black Marketeer,成年,鼠族扩展,Greedy:99,,Melee2、Intellectual3、Social7,
Ratkin_Bodyguard,鼠族保镖,Ratkin Bodyguard,Bodyguard,成年,鼠族扩展,,,Melee5、Shooting6、Intellectual1,
Ratkin_Bootlegger,鼠族私酒贩子,Ratkin Bootlegger,Bootlegger,成年,鼠族扩展,,,Social5、Crafting3、Plants1,
Ratkin_BorderInspector,鼠族边境检查官,Ratkin Border Inspector,Border Inspector,成年,鼠族扩展,SpeedOffset:100,,Melee4、Social3,
Ratkin_CandyHouseManager,鼠族糖果屋店长,Ratkin Candy House Manager,Candy House Manager,成年,鼠族扩展,DrugDesire:100,,Cooking5、Social5、Intellectual3,
Ratkin_CartDriver,鼠族车夫,Ratkin Cart Driver,Cart Driver,成年,鼠族扩展,,,Crafting2、Social1,
Ratkin_CheeseChef,鼠族奶酪师傅,Ratkin Cheese Chef,Cheese Chef,成年,鼠族扩展,,,Crafting1、Cooking3,
Ratkin_ChemicalWeaponsManipulator,鼠族化武操纵员,Ratkin Chemical Weapons Manipulator,Chemical Weapons Manipulator,成年,鼠族扩展,DrugDesire:60,,Shooting2、Melee3、Crafting7、Construction3、Plants-2、Animals-2、Cooking-5、Mining2、Intellectual1、Medicine3,
Ratkin_Chivalrous,鼠族游侠,Ratkin Chivalrous,Chivalrous,成年,鼠族扩展,Brawler:75,,Melee6、Crafting3、Medicine2、Cooking2,
Ratkin_CigaretteDealer,鼠族私烟贩子,Ratkin Cigarette Dealer,Cigarette Dealer,成年,鼠族扩展,DrugDesire:75,,Crafting6、Plants5、Medicine3,
Ratkin_CityWorker,鼠族城市工人,Ratkin City Worker,City Worker,成年,鼠族扩展,,,Crafting4、Construction4、Artistic-3、Social-3,
Ratkin_ComputerEngineer,鼠族计算机工程师,Ratkin Computer Engineer,Computer Engineer,成年,鼠族扩展,Industriousness:100,,Intellectual8、Crafting3、Plants3,
Ratkin_ConservativeOfficer,鼠族保守派军官,Ratkin Conservative Officer,Conservative Officer,成年,鼠族扩展,,,Melee7、Shooting5、Social4、Intellectual-1,
Ratkin_CountryPolice,鼠族乡村警察,Ratkin Country Police,Country Police,成年,鼠族扩展,,,Melee3、Plants3、Social1、Cooking1,
Ratkin_CountrySister,鼠族乡村修女,Ratkin Country Sister,Country Sister,成年,鼠族扩展,Kind:70,,Social3、Cooking4、Medicine3,
Ratkin_CourtPainter,鼠族宫廷画师,Ratkin Court Painter,Court Painter,成年,鼠族扩展,,,Artistic9、Social3,
Ratkin_Criminal,鼠族罪犯,Ratkin Criminal,Criminal,成年,鼠族扩展,Psychopath:90,,Shooting1、Melee4、Social-3,
Ratkin_Cuirassier,鼠族胸甲骑兵,Ratkin Cuirassier,Cuirassier,成年,鼠族扩展,,,Melee5、Shooting3、Animals3,
Ratkin_Dancer,鼠族舞者,Ratkin Dancer,Dancer,成年,鼠族扩展,Beauty:100,,Artistic5、Social3,
Ratkin_DeclineNoble,鼠族没落贵族,Ratkin Decline Noble,Decline Noble,成年,鼠族扩展,Brawler:75,,Melee6、Artistic5、Social5、Medicine2,
Ratkin_DeliveryWorker,鼠族奥德彪,Ratkin Delivery Worker,Delivery Worker,成年,鼠族扩展,SpeedOffset:100,,Melee3、Crafting3、Social3,
Ratkin_DemonInstructor,鼠族恶魔教官,Ratkin Demon Instructor,Demon Instructor,成年,鼠族扩展,Psychopath:99,,Melee7、Shooting3、Social5,
Ratkin_DessertChef,甜品耗子,Ratkin Dessert Chef,Dessert Chef,成年,鼠族扩展,NaturalMood:60,,Cooking6、Intellectual-4、Social-3、Artistic3,
Ratkin_Director,鼠族导演,Ratkin Director,Director,成年,鼠族扩展,,,Artistic8、Crafting4、Social5,
Ratkin_Diviner,鼠族占卜师,Ratkin Diviner,Diviner,成年,鼠族扩展,PsychicSensitivity:100,,Social5、Crafting2,
Ratkin_DyeingWorker,鼠族染坊工人,Ratkin Dyeing Worker,Dyeing Worker,成年,鼠族扩展,,,Crafting4、Plants2、Artistic4,
Ratkin_EarBeautician,鼠族美耳师,Ratkin Ear Beautician,Ear Beautician,成年,鼠族扩展,,,Crafting3、Medicine2,
Ratkin_Escorter,鼠族押运官,Ratkin Escorter,Escorter,成年,鼠族扩展,,,Shooting4、Social3、Melee4,
Ratkin_FakeFoodCritic,鼠族假美食评论家,Ratkin Fake Food Critic,Fake Food Critic,成年,鼠族扩展,,,Social7、Intellectual3、Plants-5、Animals-5、Crafting-3、Melee1,
Ratkin_FallenKnight,鼠族堕落骑士,Ratkin Fallen Knight,Fallen Knight,成年,鼠族扩展,DrugDesire:100,,Melee6、Intellectual-3、Social1,
Ratkin_FashionTailor,鼠族时装裁缝,Ratkin Fashion Tailor,Fashion Tailor,成年,鼠族扩展,,,Crafting9、Artistic8、Intellectual2,
Ratkin_FieldSpy,鼠族外勤间谍,Ratkin Field Spy,Field Spy,成年,鼠族扩展,Beauty:100,,Social6、Melee3、Crafting1、Artistic3、Shooting2,
Ratkin_Fisherman,鼠族渔民,Ratkin Fisherman,Fisherman,成年,鼠族扩展,Industriousness:35,,Crafting2、Animals6、Cooking4、Social-10,
Ratkin_ForestKeeper,鼠族护林员,Ratkin Forest Keeper,Forest Keeper,成年,鼠族扩展,,,Shooting1、Melee1、Crafting1、Construction1、Plants1、Animals1、Cooking1、Mining1、Intellectual1、Social1、Artistic1、Medicine1,
Ratkin_Functionary,鼠族公务员,Ratkin Functionary,Functionary,成年,鼠族扩展,,,Cooking1、Artistic1、Social4、Intellectual4,
Ratkin_GangMember,鼠族黑帮成员,Ratkin Gang Member,Gang Member,成年,鼠族扩展,致命射手,,Shooting4、Melee4、Construction1、Cooking1、Medicine3,
Ratkin_Gemsmith,鼠族宝石工匠,Ratkin Gemsmith,Gemsmith,成年,鼠族扩展,Industriousness:55,,Crafting7、Artistic8,
Ratkin_GoldDigger,鼠族淘金者,Ratkin Gold Digger,Gold Digger,成年,鼠族扩展,,,Crafting3、Cooking3、Plants2、Mining3、Intellectual-2,
Ratkin_Gunmaker,鼠族造枪工匠,Ratkin Gunmaker,Gunmaker,成年,鼠族扩展,,,Crafting8、Mining3、Shooting5、Intellectual2,
Ratkin_Hermit,鼠族隐居者,Ratkin Hermit,Hermit,成年,鼠族扩展,孤僻、Ascetic:40,,Shooting1、Crafting2、Construction3、Plants1、Animals1、Cooking3、Social-4、Artistic-4、Medicine1,
Ratkin_ImperialGuardLegionSoldier,鼠族禁卫军士兵,Ratkin Imperial Guard Legion Soldier,Imperial Guard Legion Soldier,成年,鼠族扩展,Nerves:85,,Melee7、Shooting6、Medicine1,
Ratkin_IndenturedLabor,鼠族契约劳工,Ratkin Indentured Labor,Indentured Labor,成年,鼠族扩展,SlowLearner:100,,Construction3、Crafting2、Plants2、Animals2、Mining3、Intellectual-5、Social-3,
Ratkin_IndustrialNoble,鼠族工业贵族,Ratkin Industrial Noble,Industrial Noble,成年,鼠族扩展,,,Intellectual6、Social8,
Ratkin_InfiltratorSister,鼠族潜伏修女,Ratkin Infiltrator Sister,Infiltrator Sister,成年,鼠族扩展,,,Medicine4、Social5,
Ratkin_Jailer,鼠族狱卒,Ratkin Jailer,Jailer,成年,鼠族扩展,,,Shooting4、Melee5、Crafting2、Construction1、Social2,
Ratkin_JudicialPolice,鼠族司法警察,Ratkin Judicial Police,Judicial Police,成年,鼠族扩展,Nerves:90,,Melee4、Shooting2、Social4,
Ratkin_LaborSupervisor,鼠族监工,Ratkin Labor Supervisor,Labor Supervisor,成年,鼠族扩展,Jealous:99、Industriousness:45,,Crafting4、Construction4、Intellectual2、Social8,
Ratkin_Lawyer,鼠族律师,Ratkin Lawyer,Lawyer,成年,鼠族扩展,SpeedOffset:50,,Intellectual5、Social10、Artistic3,
Ratkin_Lumberjack,鼠族伐木工,Ratkin Lumberjack,Lumberjack,成年,鼠族扩展,,,Melee6、Crafting6、Plants4、Social-4、Intellectual-4,
Ratkin_Lunatic,鼠族疯子,Ratkin Lunatic,Lunatic,成年,鼠族扩展,Nerves:100,,,
Ratkin_ManorLord,鼠族庄园领主,Ratkin Manor Lord,Manor Lord,成年,鼠族扩展,,,Artistic4、Social4、Intellectual1、Shooting2,
Ratkin_Masochist,鼠族受虐狂,Ratkin Masochist,Masochist,成年,鼠族扩展,Masochist:99,,Intellectual2、Artistic4、Medicine-2,
Ratkin_Mechanic,鼠族修车技工,Ratkin Mechanic,Mechanic,成年,鼠族扩展,,,Crafting7、Social4、Intellectual2,
Ratkin_MechanicalEngineer,鼠族机械工程师,Ratkin Mechanical Engineer,Mechanical Engineer,成年,鼠族扩展,,,Crafting5、Mining6、Intellectual6,
Ratkin_Messenger,鼠族传令兵,Ratkin Messenger,Messenger,成年,鼠族扩展,Bloodlust:65、粗暴,,Shooting1、Melee1,
Ratkin_MilitaryEngineer,鼠族工程兵,Ratkin Military Engineer,Military Engineer,成年,鼠族扩展,Industriousness:70,,Mining8、Melee2、Crafting4,
Ratkin_MilitaryInspector,鼠族督战官,Ratkin Military Inspector,Military Inspector,成年,鼠族扩展,,,Melee1、Shooting2、Crafting-1、Social1,
Ratkin_Militia,鼠族民兵,Ratkin Militia,Militia,成年,鼠族扩展,,,Melee2、Shooting3、Plants3、Crafting2、Construction2、Mining1、Cooking1、Social-2,
Ratkin_Missionary,鼠族传教士,Ratkin Missionary,Missionary,成年,鼠族扩展,Kind:90,,Shooting2、Melee2、Plants2、Cooking2、Intellectual2、Social3、Medicine2,
Ratkin_Mortician,鼠族入殓师,Ratkin Mortician,Mortician,成年,鼠族扩展,NaturalMood:100,,Artistic3、Crafting1、Medicine2、Social-2,
Ratkin_Musician,鼠族音乐家,Ratkin Musician,Musician,成年,鼠族扩展,,,Artistic8、Social3,
Ratkin_NamingExpert,鼠族起名家,Ratkin Naming Expert,Naming Expert,成年,鼠族扩展,,,Intellectual2、Social2、Artistic1,
Ratkin_NightMarketVendor,鼠族夜市摊贩,Ratkin Night Market Vendor,Night Market Vendor,成年,鼠族扩展,NightOwl:99,,Crafting-3、Construction-4、Plants3、Animals2、Cooking4、Social-2,
Ratkin_NobleButler,鼠族贵族管家,Ratkin Noble Butler,Noble Butler,成年,鼠族扩展,Industriousness:95,,Social8、Intellectual4、Artistic4、Crafting2,
Ratkin_NobleCouncillor,鼠族贵族议员,Ratkin Noble Councillor,Noble Councillor,成年,鼠族扩展,,,Social7、Artistic5,
Ratkin_NobleMilitaryOfficer,鼠族贵族军官,Ratkin Noble Military Officer,Noble Military Officer,成年,鼠族扩展,Wimp:99,,Shooting2、Melee3、Social5、Artistic2,
Ratkin_NoblePriest,鼠族贵族修女,Ratkin Noble Priest,Noble Priest,成年,鼠族扩展,Psychopath:90,,Melee2、Intellectual3、Artistic1,
Ratkin_Nurse,鼠族护士,Ratkin Nurse,Nurse,成年,鼠族扩展,Kind:80、NaturalMood:20,,Intellectual2、Social6、Medicine5,
Ratkin_OfficialExchangeStudent,鼠族公派留学生,Ratkin Official Exchange Student,Official Exchange Student,成年,鼠族扩展,FastLearner:100、GreatMemory:50,,Intellectual6、Social5、Artistic3,
Ratkin_OrphanageCaretaker,鼠族孤儿院护工,Ratkin Orphanage Caretaker,Orphanage Caretaker,成年,鼠族扩展,Kind:50,,Crafting1、Construction1、Plants3、Animals1、Cooking4、Mining-2、Intellectual-1、Social4、Artistic1、Medicine1,
Ratkin_Paratrooper,鼠族空输队员,Ratkin Paratrooper,Paratrooper,成年,鼠族扩展,,,Melee6、Shooting6、Crafting1,
Ratkin_Pathfinder,鼠族拓荒者,Ratkin Pathfinder,Pathfinder,成年,鼠族扩展,,,Melee4、Shooting4、Plants4、Animals4、Construction2、Medicine2,
Ratkin_PeaSister,鼠族豌豆修女,Ratkin Pea Sister,Pea Sister,成年,鼠族扩展,,,Plants5、Intellectual4、Cooking3,
Ratkin_Perfumer,鼠族香水调制师,Ratkin Perfumer,Perfumer,成年,鼠族扩展,,,Crafting6、Intellectual2、Social4、Artistic5,
Ratkin_PervertedAristocrats,鼠族变态贵族,Ratkin Perverted Aristocrats,Perverted Aristocrats,成年,鼠族扩展,Masochist:88,,Construction-2、Plants-2、Intellectual5、Social3、Artistic6,
Ratkin_Pilot,鼠族飞行员,Ratkin Pilot,Pilot,成年,鼠族扩展,,,Shooting4、Intellectual3、Social3、Crafting3,
Ratkin_Poacher,鼠族偷猎者,Ratkin Poacher,Poacher,成年,鼠族扩展,,,Shooting2、Plants-1、Animals1、Cooking1、Intellectual-1,
Ratkin_PoorPoet,鼠族贫穷的诗人,Ratkin Poor Poet,Poor Poet,成年,鼠族扩展,TorturedArtist:70,,Crafting-2、Construction-5、Cooking-4、Mining-6、Social-1、Artistic5、Medicine1,
Ratkin_PowerGenerator,鼠族发电工,Ratkin Power Generator,Power Generator,成年,鼠族扩展,SpeedOffset:80、SpeedOffset:40,,Melee3、Mining1,
Ratkin_PriestScribe,鼠族修女抄写员,Ratkin Priest Scribe,Priest Scribe,成年,鼠族扩展,,,Intellectual1、Artistic3,
Ratkin_PrisoneroftheRatkinReclamationCorps,鼠族垦荒囚犯,Prisoner of the Ratkin Reclamation Corps,Prisoner of Reclamation Corps,成年,鼠族扩展,Ascetic:80,,Plants3、Mining2、Crafting3、Animals1、Medicine1、Shooting1、Cooking1,
Ratkin_PrivateDetective,鼠族私家侦探,Ratkin Private Detective,Private Detective,成年,鼠族扩展,Industriousness:60,,Melee2、Shooting3、Social5、Intellectual1,
Ratkin_PrivateTutor,鼠族私塾教师,Ratkin Private Tutor,Private Tutor,成年,鼠族扩展,Industriousness:70,,Social8、Intellectual9、Artistic5,
Ratkin_Profiteer,鼠族奸商,Ratkin Profiteer,Profiteer,成年,鼠族扩展,TooSmart:75,,Melee-4、Social9、Intellectual6,
Ratkin_PsycastsBattleWarlock,鼠族心灵战斗术士,Ratkin Psycasts Battle Warlock,Psycasts Battle Warlock,成年,鼠族扩展,PsychicSensitivity:100,,Medicine4、Melee5、Shooting4,
Ratkin_Psychopath,鼠族精神病患者,Ratkin Psychopath,Psychopath,成年,鼠族扩展,Nerves:100、Neurotic:70,,Melee5、Shooting5、Medicine5、Cooking2、Construction1、Plants3,
Ratkin_RatkinHunterInstructor,鼠族反乱猎人教官,Ratkin Ratkin-Hunter Instructor,Ratkin-Hunter Instructor,成年,鼠族扩展,致命射手,,Shooting9、Melee8、Medicine4,
Ratkin_RatkinWatcher,鼠族监视者,Ratkin Watcher,Watcher,成年,鼠族扩展,,,Social5、Shooting1、Intellectual2,
Ratkin_Refiner,鼠族炼油工,Ratkin Refiner,Refiner,成年,鼠族扩展,Immunity:100,,Crafting5、Construction5、Intellectual3,
Ratkin_Refugee,鼠族逃难者,Ratkin Refugee,Refugee,成年,鼠族扩展,,,Crafting1、Cooking2、Intellectual-2、Artistic-1、Medicine1,
Ratkin_Reservist,鼠族预备役士兵,Ratkin Reservist,Reservist,成年,鼠族扩展,,,Melee2、Shooting2、Plants3、Animals2、Construction3、Crafting2,
Ratkin_RighteousThief,鼠族义贼,Ratkin Righteous Thief,Righteous Thief,成年,鼠族扩展,Kind:100、致命射手,,Shooting2、Melee4、Social4,
Ratkin_RoyalDoctor,鼠族御医,Ratkin Royal Doctor,Royal Doctor,成年,鼠族扩展,Neurotic:85,,Medicine11、Intellectual5、Social1、Shooting-4、Melee-4,
Ratkin_RoyalGendarmerie,鼠族皇家宪兵,Ratkin Royal Gendarmerie,Royal Gendarmerie,成年,鼠族扩展,Beauty:80,,Melee4、Shooting3、Social3,
Ratkin_RoyalPetKeeper,鼠族御宠管理员,Ratkin Royal Pet Keeper,Royal Pet Keeper,成年,鼠族扩展,,,Plants2、Animals7、Cooking2、Social4、Medicine1,
Ratkin_SCAV,鼠族SCAV,Ratkin SCAV,SCAV,成年,鼠族扩展,Nimble:50,,Shooting3、Melee4、Crafting3、Intellectual2、Social2、Medicine1,
Ratkin_Sailor,鼠族水手,Ratkin Sailor,Sailor,成年,鼠族扩展,NaturalMood:100、DrugDesire:60,,Melee3、Social3、Construction1、Crafting1,
Ratkin_Scavenger,鼠族拾荒者,Ratkin Scavenger,Scavenger,成年,鼠族扩展,,,Melee3、Medicine3,
Ratkin_Scout,鼠族侦察兵,Ratkin Scout,Scout,成年,鼠族扩展,致命射手、SpeedOffset:100,,Shooting9、Melee3、Social-3,
Ratkin_SeaMaiden,鼠族海女,Ratkin Sea Maiden,Sea Maiden,成年,鼠族扩展,粗暴,,Crafting3、Plants2、Animals2、Mining2、Medicine1,
Ratkin_SeniorAnomalyResearcher,鼠族高级异常研究员,Ratkin Senior Anomaly Researcher,Senior Anomaly Researcher,成年,鼠族扩展,Industriousness:65、FastLearner:90,,Shooting-5、Melee-5、Plants1、Animals1、Mining-10、Intellectual14、Social4、Medicine8,
Ratkin_Serf,鼠族农奴,Ratkin Serf,Serf,成年,鼠族扩展,SlowLearner:80,,Plants3、Mining1、Animals1、Crafting1、Construction1、Cooking1,
Ratkin_ShuttleCrewMember,鼠族穿梭机机组成员,Ratkin Shuttle Crew Member,Shuttle Crew Member,成年,鼠族扩展,,,Melee3、Crafting4、Intellectual3、Shooting3,
Ratkin_SignalCorp,鼠族通讯兵,Ratkin Signal Corp,Signal Corp,成年,鼠族扩展,,,Crafting2、Intellectual2,
Ratkin_SisteroftheRatkinArmy,鼠族随军修女,Sister of the Ratkin Army,Sister of the Army,成年,鼠族扩展,,,Medicine4、Social4,
Ratkin_Smuggler,鼠族走私者,Ratkin Smuggler,Smuggler,成年,鼠族扩展,DrugDesire:75,,Melee2、Cooking-3、Mining3、Intellectual3、Social4,
Ratkin_SmugglerB,鼠族走私者,Ratkin SmugglerB,SmugglerB,成年,鼠族扩展,,,Intellectual2、Social2,
Ratkin_Sociologist,鼠族社会学家,Ratkin Sociologist,Sociologist,成年,鼠族扩展,,,Intellectual5、Social5、Plants-3、Animals-3、Construction-3,
Ratkin_SpecialServiceKnight,鼠族特勤骑士,Ratkin Special Service Knight,Special Service Knight,成年,鼠族扩展,Nerves:100、致命射手、Nimble:65,,Melee10、Shooting10、Social-4,
Ratkin_StandIn,鼠族替身,Ratkin Stand-In,Stand-In,成年,鼠族扩展,,,Shooting-1、Melee-2、Social2、Artistic2,
Ratkin_Stargazer,鼠族观星者,Ratkin Stargazer,Stargazer,成年,鼠族扩展,,,Crafting3、Intellectual3、Social2,
Ratkin_Stepmother,鼠族继母,Ratkin Stepmother,Stepmother,成年,鼠族扩展,Beauty:100,,Social6、Artistic2,
Ratkin_SuperiorSister,鼠族修女长,Ratkin Superior Sister,Superior Sister,成年,鼠族扩展,Kind:100,,Cooking4、Crafting4、Social5、Intellectual3、Plants3,
Ratkin_SwordMaker,鼠族铸剑师,Ratkin Sword Maker,Sword Maker,成年,鼠族扩展,,,Crafting7、Melee3、Mining4,
Ratkin_SwordsmanshipTeacher,鼠族剑术教师,Ratkin Swordsmanship Teacher,Swordsmanship Teacher,成年,鼠族扩展,Brawler:100,,Melee9、Social7、Intellectual2,
Ratkin_TanneryArtisan,鼠族制革工匠,Ratkin Tannery Artisan,Tannery Artisan,成年,鼠族扩展,,,Shooting4、Crafting6、Artistic4,
Ratkin_TavernManager,鼠族小酒馆馆长,Ratkin Tavern Manager,Tavern Manager,成年,鼠族扩展,GreatMemory:50,,Cooking5、Social5,
Ratkin_TaxCollector,鼠族税务官,Ratkin Tax Collector,Tax Collector,成年,鼠族扩展,Abrasive:70,,Intellectual7、Social-8、Artistic4,
Ratkin_TrainDriver,鼠族火车司机,Ratkin Train Driver,Train Driver,成年,鼠族扩展,NightOwl:30,,Crafting4、Cooking2、Mining2,
Ratkin_TrenchAssaulter,鼠族战壕突击兵,Ratkin Trench Assaulter,Trench Assaulter,成年,鼠族扩展,Brawler:90、粗暴、Bloodlust:80,,Melee9、Artistic1、Medicine4,
Ratkin_VillageGuard,鼠族村庄守卫,Ratkin Village Guard,Village Guard,成年,鼠族扩展,,,Shooting4、Melee4、Crafting1、Construction3、Cooking1、Mining4,
Ratkin_WallBuilder,鼠族筑墙工,Ratkin Wall Builder,Wall Builder,成年,鼠族扩展,,,Construction7、Mining2、Intellectual-3,
Ratkin_WarBehemothDriverA,鼠族巨兽驾驶员,Ratkin War Behemoth Driver,War Behemoth Driver,成年,鼠族扩展,,,Crafting4、Intellectual5,
Ratkin_WarBehemothDriverB,鼠族巨兽驾驶员,Ratkin War Behemoth Driver,War Behemoth Driver,成年,鼠族扩展,,,Crafting5、Intellectual4,
Ratkin_WarSlave,鼠族战奴,Ratkin War Slave,War Slave,成年,鼠族扩展,Bloodlust:70、Nimble:70,,Melee10、Shooting3、Medicine2、Social-8,
Ratkin_AbandonedChildA,鼠族弃婴,Ratkin Abandoned Child,Abandoned Child,童年,鼠族扩展,,,Plants1、Crafting1、Social1,
Ratkin_AbandonedChildB,鼠族弃婴,Ratkin Abandoned Child,Abandoned Child,童年,鼠族扩展,Immunity:100,,Social-3、Intellectual2,
Ratkin_AlchemyApprentice,鼠族炼金学徒,Ratkin Alchemy Apprentice,Alchemy Apprentice,童年,鼠族扩展,Immunity:100,,Crafting3、Plants1、Mining1、Melee-3,
Ratkin_AlienChildSoldier,鼠族外族童兵,Ratkin Alien Child Soldier,Alien Child Soldier,童年,鼠族扩展,SpeedOffset:85,,Shooting2、Melee2,
Ratkin_ArtApprentice,鼠族美术学徒,Ratkin Art Apprentice,Art Apprentice,童年,鼠族扩展,,,Artistic4、Crafting1,
Ratkin_BastardB,鼠族私生子,Ratkin Bastard,Bastard,童年,鼠族扩展,Jealous:75,,Crafting1、Intellectual1、Social2、Artistic1,
Ratkin_BlacksmithChild,鼠族铁匠孩子,Ratkin Blacksmith Child,Blacksmith Child,童年,鼠族扩展,,,Crafting4,
Ratkin_ChildfromtheRichFamily,鼠族富家的孩子,Ratkin Child from the Rich Family,Child from the Rich Family,童年,鼠族扩展,,,Intellectual1、Social2、Artistic3,
Ratkin_ChildoftheNoble,鼠族贵族之子,Ratkin Child of the Noble,Child of the Noble,童年,鼠族扩展,Bloodlust:99,,Shooting2、Melee2、Social-4,
Ratkin_ChildontheBoat,鼠族船上的孩子,Ratkin Child on the Boat,Child on the Boat,童年,鼠族扩展,,,Melee1、Crafting1、Cooking1、Animals3,
Ratkin_CircusStuntApprentice,鼠族马戏团特技学徒,Ratkin Circus Stunt Apprentice,Circus Stunt Apprentice,童年,鼠族扩展,,,Plants2、Social1、Melee1,
Ratkin_CookingWorkerChild,鼠族烹饪工孩子,Ratkin Cooking Worker Child,Cooking Worker Child,童年,鼠族扩展,,,Cooking4,
Ratkin_CraftApprentice,鼠族手工艺学徒,Ratkin Craft Apprentice,Craft Apprentice,童年,鼠族扩展,,,Crafting3、Construction1、Artistic1,
Ratkin_DescendantoftheDeclinedNoble,鼠族没落贵族后裔,Ratkin Descendant of the Declined Noble,Descendant of the Declined Noble,童年,鼠族扩展,DrugDesire:90,,Melee3、Social2、Artistic3,
Ratkin_ElectricianApprentice,鼠族电工学徒,Ratkin Electrician Apprentice,Electrician Apprentice,童年,鼠族扩展,,,Crafting2、Construction3、Intellectual1、Medicine-2,
Ratkin_EpidemicChild,鼠族疫病儿童,Ratkin Epidemic Child,Epidemic Child,童年,鼠族扩展,Immunity:70,,Intellectual1、Social-2、Medicine3,
Ratkin_FlowerFarmersChild,鼠族花农孩子,Ratkin Flower Farmer's Child,Flower Farmer's Child,童年,鼠族扩展,,,Plants4,
Ratkin_HerbalistApprentice,鼠族草药学徒,Ratkin Herbalist Apprentice,Herbalist Apprentice,童年,鼠族扩展,,,Medicine2、Plants2,
Ratkin_HumanChild,鼠族人类的孩子,Ratkin Human Child,Human Child,童年,鼠族扩展,,,Plants2、Crafting2、Intellectual1、Cooking1,
Ratkin_HybridChild,鼠族混血儿,Ratkin Hybrid Child,Hybrid Child,童年,鼠族扩展,Immunity:100,,Intellectual3、Social2,
Ratkin_JunkyardChild,鼠族垃圾场儿童,Ratkin Junkyard Child,Junkyard Child,童年,鼠族扩展,Kind:70,,Intellectual-1、Crafting3,
Ratkin_KindChild,鼠族善良的孩子,Ratkin Kind Child,Kind Child,童年,鼠族扩展,Kind:90,,Social4、Medicine1,
Ratkin_LittleCliffMiner,鼠族小峭壁矿工,Ratkin Little Cliff Miner,Little Cliff Miner,童年,鼠族扩展,Industriousness:35,,Mining5、Social-2、Medicine-2,
Ratkin_LittleDelivery,鼠族小外卖员,Ratkin Little Delivery,Little Delivery,童年,鼠族扩展,SpeedOffset:60,,Cooking2、Social2,
Ratkin_LittleFarmHandyman,鼠族农场小杂工,Ratkin Little Farm Handyman,Little Farm Handyman,童年,鼠族扩展,,,Plants2、Animals2、Cooking1,
Ratkin_LittleLumberjack,鼠族小伐木工,Ratkin Little Lumberjack,Little Lumberjack,童年,鼠族扩展,,,Plants3、Cooking1,
Ratkin_LittleMechanicalMaintenanceWorker,鼠族小机械维护工,Little Mechanical Maintenance Worker,Little Mechanical Maintenance Worker,童年,鼠族扩展,,,Construction1、Crafting3,
Ratkin_LittleMilkman,鼠族小送奶工,Ratkin Little Milkman,Little Milkman,童年,鼠族扩展,Jealous:35,,Animals1、Cooking1、Social1,
Ratkin_LittleMoneylender,鼠族小放贷人,Ratkin Little Moneylender,Little Moneylender,童年,鼠族扩展,Greedy:85,,Melee-2、Intellectual4、Social3,
Ratkin_LittleMushroomHunter,鼠族小蘑菇猎手,Ratkin Little Mushroom Hunter,Little Mushroom Hunter,童年,鼠族扩展,GreatMemory:10,,Plants3、Cooking1,
Ratkin_LittleNewspaperDeliveryWorker,鼠族报童,Ratkin Little Newspaper Delivery Worker,Little Newspaper Delivery Worker,童年,鼠族扩展,,,Social3、Intellectual1,
Ratkin_LittleNursingHomeCaregiver,鼠族养老院小护工,Ratkin Little Nursing Home Caregiver,Little Nursing Home Caregiver,童年,鼠族扩展,Kind:60,,Intellectual1、Social1、Artistic1、Medicine3,
Ratkin_LittleResistanceForceTransporter,鼠族小反抗军交通员,Ratkin Little Resistance Force Transporter,Little Resistance Force Transporter,童年,鼠族扩展,,,Crafting1、Intellectual2、Social1,
Ratkin_LittleRunner,鼠族小跑腿,Ratkin Little Runner,Little Runner,童年,鼠族扩展,SpeedOffset:40、GreatMemory:15,,Intellectual1、Social3,
Ratkin_LittleShoeShiner,鼠族小擦鞋工,Ratkin Little Shoe Shiner,Little Shoe Shiner,童年,鼠族扩展,,,Crafting2、Social1,
Ratkin_LittleSlingshotShooter,鼠族小弹弓射手,Ratkin Little Slingshot Shooter,Little Slingshot Shooter,童年,鼠族扩展,致命射手,,Shooting4,
Ratkin_LittleStudyServant,鼠族书童,Ratkin Little Study Servant,Little Study Servant,童年,鼠族扩展,,,Social1、Intellectual2、Artistic1,
Ratkin_LittleWaiter,鼠族小服务生,Ratkin Little Waiter,Little Waiter,童年,鼠族扩展,,,Social4,
Ratkin_LittleWallPainter,鼠族小粉刷工,Ratkin Little Wall Painter,Little Wall Painter,童年,鼠族扩展,,,Construction3、Artistic1,
Ratkin_MilitaryCadet,鼠族军校生,Ratkin Military Cadet,Military Cadet,童年,鼠族扩展,Nerves:85、致命射手,,Shooting2、Melee2、Intellectual1,
Ratkin_NaughtyChild,鼠族顽童,Ratkin Naughty Child,Naughty Child,童年,鼠族扩展,NaturalMood:99,,Social2、Mining2、Animals1、Plants1、Intellectual-2,
Ratkin_NewMiddleClassChild,鼠族新中产儿童,Ratkin New Middle Class Child,New Middle Class Child,童年,鼠族扩展,,,Social1、Crafting1、Artistic1、Intellectual2,
Ratkin_Overachiever,鼠族卷王,Ratkin Overachiever,Overachiever,童年,鼠族扩展,,,Shooting-2、Melee-2、Intellectual4、Social2,
Ratkin_Pet,鼠族宠物,Ratkin Pet,Pet,童年,鼠族扩展,Nerves:100、SlowLearner:88,,Animals3,
Ratkin_PetShopChild,鼠族宠物店孩子,Ratkin Pet Shop Child,Pet Shop Child,童年,鼠族扩展,,,Animals4、Medicine1,
Ratkin_PlantationChild,鼠族种植园儿童,Ratkin Plantation Child,Plantation Child,童年,鼠族扩展,Immunity:40、DrugDesire:80,,Plants6,
Ratkin_PrintingApprentice,鼠族印刷学徒,Ratkin Printing Apprentice,Printing Apprentice,童年,鼠族扩展,TooSmart:65,,Intellectual2、Crafting2,
Ratkin_ResearchChild,鼠族科研儿童,Ratkin Research Child,Research Child,童年,鼠族扩展,TooSmart:40、GreatMemory:60,,Intellectual5,
Ratkin_ScaredChild,鼠族担惊受怕的孩子,Ratkin Scared Child,Scared Child,童年,鼠族扩展,NaturalMood:50、Nerves:50,,Crafting1、Plants1、Animals1、Intellectual-2、Social-4、Medicine1,
Ratkin_SeasideChild,鼠族海边的孩子,Ratkin Seaside Child,Seaside Child,童年,鼠族扩展,,,Social3、Crafting1,
Ratkin_SerfChild,鼠族农奴孩子,Ratkin Serf Child,Serf Child,童年,鼠族扩展,,,Plants1、Crafting1、Animals1、Mining1、Cooking1,
Ratkin_SlaveChildofthePirates,鼠族海盗的奴隶孩子,Ratkin Slave Child of the Pirates,Slave Child of the Pirates,童年,鼠族扩展,Masochist:100、Pyromaniac:100,,Melee3、Intellectual2,
Ratkin_SmartLittleRatkin,别人家的聪明小鼠,Smart Little Ratkin,Smart Little,童年,鼠族扩展,FastLearner:60、GreatMemory:100,,Intellectual5,
Ratkin_SmugglingChild,鼠族走私儿童,Ratkin Smuggling Child,Smuggling Child,童年,鼠族扩展,DrugDesire:30,,Intellectual2、Social1,
Ratkin_Squirrel,鼠族松鼠,Ratkin Squirrel,Squirrel,童年,鼠族扩展,Nimble:75,,Melee1、Plants2、Animals2,
Ratkin_StreetUrchin,鼠族街头顽童,Ratkin Street Urchin,Street Urchin,童年,鼠族扩展,,,Melee2、Crafting1、Intellectual-2、Social-2、Artistic3,
Ratkin_StreetVendor,鼠族街头小贩,Ratkin Street Vendor,Street Vendor,童年,鼠族扩展,,,Social3、Melee-1,
Ratkin_TraineeDemon,鼠族见习恶魔,Ratkin Trainee Demon,Trainee Demon,童年,鼠族扩展,Bloodlust:100、Psychopath:80,,Shooting3、Melee4、Social-5,
Ratkin_TraineeKnight,鼠族见习骑士,Ratkin Trainee Knight,Trainee Knight,童年,鼠族扩展,,,Social2、Artistic1、Melee3、Intellectual1、Medicine1,
Ratkin_TraineeSister,鼠族见习修女,Ratkin Trainee Sister,Trainee Sister,童年,鼠族扩展,Kind:50,,Social2、Medicine2,
Ratkin_VagabondChild,鼠族流浪民儿童,Ratkin Vagabond Child,Vagabond Child,童年,鼠族扩展,Ascetic:70,,Crafting2、Cooking2、Animals1、Medicine1、Melee1、Social1、Intellectual1,
Ratkin_VersifierChild,鼠族唱诗儿童,Ratkin Versifier Child,Versifier Child,童年,鼠族扩展,,,Intellectual-2、Social3,
Ratkin_WineryChild,鼠族酒庄孩子,Ratkin Winery Child,Winery Child,童年,鼠族扩展,,,Plants2、Crafting1、Social1,
Ratkin_theSurvivingChildoftheAnomaly,鼠族异常幸存的孩子,Ratkin the Surviving Child of the Anomaly,the Surviving Child of the Anomaly,童年,鼠族扩展,Wimp:50、NaturalMood:50,,Melee2、Social-5,
Ratkin_theSurvivingChildoftheFleshPit,鼠族肉坑幸存的孩子,Ratkin the Surviving Child of the Flesh Pit,the Surviving Child of the Flesh Pit,童年,鼠族扩展,Wimp:50,,Cooking1、Mining3、Social-3,
